measured_at,28,29,30,36,37,38,39,40,41,42,43,73,74,76,116,149,150,151,152,157,196,197,198,199,200,201,213,222,225,231,233,234,235,237,238,270,271,295,298,301,302,303,304,305,307,308,346,347,348,378,380,385,387,390,391,393,394,395,396,397,398,399,400,401,402,403,404,405,447,450,459,460,466,468,469,538,541,542,561,570,573,577,580,581,582,583,585,586,622,623,624,625,626,657,658,659,682,691,692,693,694,695,697,698,705,706,707,708,709,738,740,741
2024-10-01 00:00:00+00:00,3.6533024,0.1047265,0.5160213,0.29869935,0.109216005,0.3980693,0.11139028,0.10766962,0.44416976,0.10369127,0.3296193,0.40679154,3.5273361,0.5674134,0.60401946,0.53400224,3.9490497,0.11836657,1.0962427,0.105802014,0.116203815,0.37899026,2.1298494,0.10738897,0.46124697,0.09218862,0.3987343,0.31394702,0.3309138,0.11524442,2.056644,0.112191536,0.59780306,0.0842299,0.46865988,0.10346992,0.48435187,0.18968646,0.10015615,0.10369127,0.45870388,3.8905,0.1001958,1.0460782,0.086520374,0.37817034,0.105802014,0.10312559,0.42988762,3.8773642,0.49713433,0.34808224,0.32859284,0.27322683,2.2649078,0.31986797,2.5412621,1.9505453,0.10312559,0.31742823,0.10738897,0.33759987,2.5580435,0.104712546,0.41093257,2.0744991,0.10039989,0.337236,0.10362541,0.1040905,0.1059575,0.31885687,0.29491815,0.1040905,0.54342824,0.23585862,0.09116135,0.4284968,0.3440612,0.40222025,0.19830093,0.49492377,0.5124039,2.1143389,0.11080088,0.6000915,0.08202187,0.42245814,0.10909084,0.35142377,0.10328107,0.44592392,0.0975252,3.9344096,0.09903784,0.58132,0.3781684,0.10395982,0.4589519,3.9344096,0.09245717,0.53046757,0.085285276,0.4132152,0.10741378,0.30090556,0.1031504,0.34543812,0.10378147,0.5037787,0.083275236,0.4120153
2024-10-01 01:00:00+00:00,3.2735398,0.1047265,0.5029357,0.30155274,0.11004263,0.40844086,0.10984391,0.10608266,0.4424225,0.10369127,0.33084428,0.41271153,3.2735398,0.59998304,0.61021024,0.51146275,3.8687613,0.11836657,1.0962427,0.10312559,0.11499123,0.3807232,2.056644,0.105802014,0.4279879,0.09714762,0.3987343,0.3269505,0.33152828,0.11646514,2.056644,0.11043645,0.5973411,0.0842299,0.5130872,0.10346992,0.46634477,0.2029425,0.10015615,0.10369127,0.4577449,3.5540614,0.103766136,1.0324354,0.086520374,0.40578106,0.10738897,0.10312559,0.40717188,3.4548922,0.49168372,0.34999514,0.34678966,0.2501013,2.23763,0.31986797,2.5412621,1.8959043,0.10738897,0.31613934,0.10738897,0.32192874,2.1305442,0.10312559,0.37866852,2.0237503,0.10393501,0.33588153,0.107888795,0.1040905,0.10754446,0.33442715,0.29491815,0.1040905,0.5139559,0.23375326,0.09116135,0.4505206,0.33603823,0.3912475,0.20355752,0.49104017,0.5164191,1.9505453,0.10674317,0.58177,0.08202187,0.41371974,0.10754446,0.34686676,0.10328107,0.410126,0.0975252,3.586691,0.10260819,0.558711,0.38004005,0.10395982,0.46657336,3.5135522,0.09245717,0.5053056,0.085285276,0.41169158,0.105826825,0.29656664,0.09961529,0.33277327,0.10378147,0.49245942,0.083275236,0.40116903
2024-10-01 02:00:00+00:00,3.2698736,0.10755418,0.5212349,0.3030945,0.121101774,0.39990598,0.11790884,0.11308081,0.46348515,0.1103788,0.33825412,0.44671825,3.4505315,0.5963169,0.61415213,0.556138,3.792715,0.12841327,1.1087389,0.10981313,0.118664704,0.40005165,1.9969331,0.10981313,0.41733736,0.10044566,0.41359597,0.32885423,0.30239478,0.121985026,1.9969331,0.11886378,0.6107016,0.08726911,0.5536737,0.10798318,0.46348515,0.2095948,0.111755565,0.111755565,0.4693168,3.4512262,0.10659382,1.042412,0.087821156,0.4643125,0.11218613,0.1113595,0.41803193,3.4512262,0.51810914,0.3527644,0.35994717,0.26584178,2.2339635,0.31961307,2.582096,1.8922381,0.116466515,0.33237323,0.11490185,0.3322154,2.0536723,0.10763884,0.37589496,1.9468791,0.10844825,0.3444161,0.11501525,0.11077803,0.12064047,0.34775764,0.3044546,0.10860374,0.534617,0.24522167,0.10359544,0.46620107,0.34402952,0.4228572,0.20460528,0.5155216,0.54221684,1.9468791,0.109295644,0.59986967,0.08478838,0.4530174,0.11234161,0.36008322,0.10620737,0.41756546,0.105796635,3.5098863,0.10604258,0.5917304,0.3683569,0.10847306,0.47346744,3.4512262,0.104284555,0.5044746,0.08465771,0.42886013,0.11191016,0.29974878,0.10340027,0.32933232,0.111406185,0.49288872,0.08512753,0.41267085
2024-10-01 03:00:00+00:00,3.6482866,0.1211493,0.57948875,0.32781637,0.1456592,0.47511166,0.14361332,0.13037615,0.50547945,0.13607897,0.41794592,0.49630648,3.5223203,0.61154795,0.65203786,0.6157055,3.8849888,0.13942543,1.2012954,0.12658574,0.14003861,0.44933352,2.051628,0.12848082,0.4711517,0.11689136,0.4634399,0.3525386,0.31646776,0.14472449,2.1248336,0.12789579,0.6241276,0.10073921,0.6024039,0.1300745,0.5419352,0.23008332,0.12517937,0.12707777,0.51059043,3.5085366,0.12296509,1.0739236,0.1066195,0.5277017,0.13606744,0.12979837,0.47580624,3.622184,0.5685433,0.38342285,0.3649432,0.27217886,2.5362465,0.3363418,2.889723,2.1093228,0.14045922,0.41223598,0.13843022,0.39430326,2.1093228,0.12994869,0.44981575,2.069483,0.13054311,0.41664386,0.13139923,0.1254032,0.13826334,0.40904686,0.35010755,0.119769864,0.5861336,0.27004477,0.11532001,0.523233,0.4104364,0.48493075,0.23068292,0.5883359,0.5932046,2.0532777,0.12223944,0.6223477,0.09003249,0.46881923,0.1334255,0.41518822,0.11933566,0.4778114,0.12274201,3.6434276,0.1164215,0.6197282,0.39927942,0.12491002,0.5252284,3.5085366,0.11965518,0.5685433,0.09108453,0.47751263,0.13207665,0.35010755,0.120791346,0.37236154,0.13406025,0.55192053,0.09037164,0.4918193
2024-10-01 04:00:00+00:00,3.588557,0.13299726,0.6031729,0.35286832,0.17019852,0.5497513,0.16884603,0.14971696,0.5497513,0.15956254,0.47195315,0.5502012,3.6558633,0.65818787,0.6921048,0.618227,3.7550325,0.15095945,1.2461549,0.14366673,0.16177095,0.48070773,1.9524115,0.147087,0.5100663,0.12887962,0.51620907,0.36864084,0.29438987,0.15793048,2.1324103,0.14465924,0.6428858,0.10814322,0.64687026,0.14149822,0.5836297,0.21781643,0.14945744,0.14911975,0.5314845,3.2532141,0.13339515,1.1253759,0.119605176,0.5040644,0.15427397,0.15324895,0.5092087,3.5566223,0.58790934,0.4011957,0.39792055,0.28459674,2.5880768,0.30384412,3.689813,2.1168997,0.171867,0.48390085,0.1660585,0.4812721,2.1168997,0.15909757,0.53393924,2.1168997,0.15528893,0.49079663,0.15020484,0.14098485,0.16360545,0.46538296,0.43996406,0.13660614,0.55860627,0.25231004,0.13579418,0.56406015,0.42206645,0.44841254,0.22881785,0.6323612,0.6162106,2.0608547,0.12972797,0.6228714,0.099263415,0.52683014,0.14978892,0.47573718,0.1400421,0.5121504,0.13818409,3.5566223,0.12757744,0.62872064,0.383272,0.14259057,0.57323277,3.5566223,0.12906514,0.60280335,0.10359748,0.5169037,0.15820682,0.419721,0.14197317,0.43339372,0.15462732,0.603251,0.08967934,0.53741497
2024-10-01 05:00:00+00:00,3.5257578,0.13402387,0.5990341,0.5349532,0.18502484,0.56742334,0.17524774,0.15803592,0.55982363,0.16636935,0.49303126,0.55418813,3.5257578,0.64762473,0.6613593,0.6184335,3.7103841,0.15752248,1.2980826,0.15666725,0.1678704,0.4910505,1.7004886,0.14948432,0.52284884,0.1364088,0.5704641,0.40736526,0.310432,0.16901927,2.128271,0.15385726,0.6534854,0.12032871,0.62325764,0.1544746,0.58571494,0.24429658,0.1674884,0.15647787,0.56021154,3.2490752,0.13756815,1.1014757,0.1278514,0.5454548,0.16582586,0.161139,0.51765335,3.453314,0.5868596,0.5032689,0.59198064,0.3219711,2.9545481,0.35597175,4.231654,2.0567157,0.17981313,0.49372584,0.17606245,0.48665786,2.0557606,0.16233103,0.5273458,2.178376,0.16258295,0.51008636,0.1621848,0.15010822,0.17252952,0.46661213,0.42464036,0.14978614,0.5656632,0.27775568,0.14787921,0.5978101,0.46209216,0.452712,0.26601973,0.6556611,0.6691383,2.0567157,0.13401529,0.6212071,0.10313885,0.5382461,0.16248652,0.4811907,0.14874303,0.50662196,0.13431627,3.5524833,0.13359842,0.64269304,0.4846033,0.1580576,0.6007819,3.3077352,0.13395429,0.5981624,0.11272394,0.58438355,0.16585067,0.43009096,0.15420014,0.45307535,0.15470831,0.59689236,0.089090034,0.53609127
2024-10-01 06:00:00+00:00,3.3076982,0.13613181,0.58121604,0.5831161,0.1887129,0.5718078,0.18040583,0.15793666,0.5720777,0.16893287,0.47304145,0.5755082,3.3076982,0.645251,0.6525611,0.6195616,3.565463,0.15492153,1.2227246,0.15571976,0.17145686,0.48872575,1.5053042,0.15100831,0.51610833,0.13779588,0.7160552,0.42664477,0.3305782,0.15853325,1.9664255,0.14626117,0.6332002,0.106069274,0.61190313,0.15057036,0.5789438,0.3040396,0.16893287,0.15262096,0.5540152,2.9234953,0.13920192,1.0477774,0.12330409,0.57939166,0.17190313,0.15710762,0.50037736,3.308393,0.5794464,0.62866706,0.6843386,0.35845247,2.8942976,0.4052969,4.357565,1.7486854,0.18554187,0.5036728,0.17578179,0.48799172,1.5555422,0.16458204,0.5165331,1.9272804,0.15859832,0.5090886,0.15815344,0.1466604,0.17207131,0.4705328,0.45865157,0.14161651,0.576183,0.3396606,0.14542778,0.5720934,0.51622266,0.5016039,0.3074708,0.6243208,0.647137,1.8033264,0.13016708,0.6110646,0.104093194,0.5360355,0.16849819,0.49040934,0.15336972,0.5224232,0.14024116,3.308393,0.12891744,0.6154321,0.5759812,0.15390067,0.58883244,3.104154,0.13248636,0.58631533,0.10396252,0.5684388,0.16762784,0.4604797,0.15100205,0.46511158,0.15508044,0.5874881,0.085281864,0.5199564
2024-10-01 07:00:00+00:00,3.213666,0.13933638,0.55683357,0.5626936,0.18943708,0.50766647,0.18144254,0.16324122,0.5265166,0.17167759,0.4605741,0.53807515,2.8287685,0.602193,0.6289716,0.60246253,3.2868044,0.1597506,1.19185,0.16820084,0.1853512,0.4958083,1.4503466,0.1644402,0.505619,0.16008425,0.74754447,0.4490698,0.34830153,0.17607681,1.7944838,0.14828423,0.6035373,0.106831536,0.5812071,0.16339575,0.5267866,0.31762877,0.16579553,0.16397354,0.5353949,2.8002653,0.14212605,0.9985256,0.12801337,0.55043286,0.17147677,0.16324122,0.50110227,3.0101218,0.5339745,0.6566126,0.6737003,0.37794822,2.8589253,0.3932432,4.0583673,1.6408494,0.1893783,0.48652124,0.18129332,0.4778672,1.4078183,0.16820084,0.48885012,1.7444298,0.16128713,0.48936546,0.16400318,0.14993075,0.18106358,0.47576618,0.42845875,0.15010768,0.5380039,0.3629378,0.14597705,0.543567,0.5469884,0.5629334,0.31684604,0.6363056,0.60199285,1.6897888,0.13049906,0.5774935,0.10972463,0.53413826,0.17303862,0.5018315,0.16339673,0.4987452,0.15814406,3.0101218,0.1386056,0.59759706,0.55640644,0.16304311,0.5587735,2.8002653,0.13678035,0.5526643,0.10997248,0.50836104,0.17191409,0.46316898,0.16253136,0.46016246,0.15949108,0.54903924,0.09826429,0.5231429
2024-10-01 08:00:00+00:00,3.1521544,0.15137573,0.54539984,0.57188225,0.20334324,0.54341257,0.19030312,0.17274368,0.5221295,0.17357369,0.4643947,0.5123159,2.9479156,0.5592664,0.59742635,0.58464,3.3609185,0.16462308,1.1279258,0.1786179,0.19034909,0.4986549,1.4718271,0.1786179,0.51467985,0.14958851,0.774671,0.43246812,0.3443026,0.1838274,1.7337068,0.15721186,0.59571093,0.110631816,0.5496629,0.17344278,0.52791196,0.30250254,0.17357369,0.17064898,0.5259124,2.7387536,0.14952452,1.0010775,0.1373872,0.50854427,0.1869461,0.17399386,0.4845597,2.94861,0.535285,0.6504572,0.65902615,0.38058537,2.5903294,0.39358342,3.8985164,1.5401844,0.1962604,0.49966434,0.18938458,0.4798311,1.329053,0.18185428,0.49933833,1.6290118,0.16555072,0.48605818,0.16739744,0.16086216,0.1899884,0.47078186,0.43765193,0.156832,0.52282405,0.36992413,0.15102644,0.5567698,0.5114208,0.4899916,0.3168516,0.62346244,0.58901846,1.6013952,0.14972289,0.5499279,0.1086842,0.51838,0.1853838,0.47119308,0.17506671,0.5181676,0.15160279,2.94861,0.13251792,0.56086177,0.51458794,0.16533555,0.55908465,2.7387536,0.14637531,0.54650164,0.11324265,0.5067685,0.181342,0.45664734,0.17076343,0.46011293,0.16103815,0.54801273,0.09994745,0.5025155
2024-10-01 09:00:00+00:00,2.977906,0.15344478,0.52970964,0.585143,0.19192804,0.5329115,0.19252108,0.17690586,0.52632374,0.16729425,0.45925686,0.51387674,2.9805772,0.55358356,0.5947322,0.5915355,3.2579546,0.16995068,1.138034,0.18260984,0.19931945,0.49722454,1.4045354,0.18421264,0.5137567,0.16056599,0.75601596,0.42295066,0.34974107,0.17628242,1.7145125,0.15767653,0.58292836,0.1088673,0.55723757,0.17448615,0.5328786,0.30406398,0.18027322,0.1717832,0.52447623,2.7680163,0.14542265,1.0131553,0.13272102,0.5095424,0.19556408,0.17593165,0.4985129,2.7680163,0.5270961,0.66179043,0.6751334,0.38277265,2.619592,0.40603194,3.9375913,1.6131889,0.19886447,0.49826875,0.1964012,0.49350354,1.3258733,0.18530919,0.5051964,1.573301,0.16652165,0.4881154,0.16812542,0.16245721,0.20431016,0.48697957,0.4245089,0.1603304,0.53589314,0.3680133,0.15094922,0.53128725,0.50208646,0.4927506,0.3206731,0.5830495,0.5546134,1.6322552,0.14769809,0.5476171,0.10556979,0.49308917,0.18706919,0.49615994,0.18165247,0.5163204,0.15390633,2.7680163,0.13234164,0.5538646,0.51707345,0.16630648,0.5500365,2.7680163,0.14770658,0.5392472,0.10956988,0.48430595,0.18790163,0.4772757,0.17706104,0.46189776,0.16681346,0.5244759,0.09380303,0.49722454
2024-10-01 10:00:00+00:00,2.7791398,0.15270796,0.5402253,0.57532364,0.19263324,0.5173262,0.19754925,0.1768665,0.5243197,0.17437491,0.47867852,0.52199584,2.9889963,0.56121475,0.60339624,0.57901,3.2663734,0.17849088,1.1328777,0.18207821,0.20668145,0.5073146,1.384674,0.18449032,0.5267996,0.15029946,0.7506146,0.4356956,0.37118194,0.17670038,1.6552912,0.14879987,0.59628445,0.109210126,0.58475786,0.17985785,0.51490134,0.31869182,0.17531618,0.16785285,0.52989763,2.6921027,0.1472565,1.0208923,0.12939453,0.50010276,0.1903072,0.18149054,0.50517243,2.6921027,0.52277964,0.6587332,0.6729201,0.38967112,2.548937,0.38135865,3.6539524,1.5467559,0.19691628,0.50241286,0.19594672,0.5064208,1.3037549,0.1822274,0.5115612,1.5467559,0.16635194,0.50241286,0.17254709,0.15819767,0.19534007,0.5043121,0.46886784,0.16724712,0.5446611,0.36546257,0.14743367,0.5201066,0.51267284,0.47741884,0.31786075,0.57896954,0.56375676,1.4345316,0.14337942,0.5532074,0.108419895,0.4878906,0.19361335,0.49611217,0.17382348,0.52075595,0.15782699,2.7791398,0.13063997,0.5582385,0.50491077,0.16687644,0.530613,2.6921027,0.14975834,0.53195673,0.11254486,0.49698395,0.19108894,0.47684705,0.177479,0.4764331,0.17150895,0.5252958,0.0991695,0.46438104
2024-10-01 11:00:00+00:00,2.8691752,0.15746735,0.5498607,0.5512047,0.21234713,0.5432658,0.20844729,0.19654684,0.56096923,0.17696144,0.48586628,0.5392581,2.8691752,0.59936774,0.65193033,0.59214157,3.2977493,0.18035002,1.2962202,0.19329523,0.21064892,0.53305316,1.6498762,0.20712341,0.55670583,0.14923404,0.7547469,0.43465158,0.32842034,0.18710966,1.7033347,0.15898879,0.6402197,0.11850126,0.5795773,0.18370186,0.5491221,0.3226633,0.17754911,0.18146022,0.530566,2.662091,0.15482591,1.0543879,0.13500915,0.49969098,0.20149727,0.1833859,0.5349754,2.7821386,0.5323591,0.6627047,0.6895431,0.371673,2.580313,0.3865152,3.9457505,1.378071,0.20642428,0.5477532,0.2009087,0.52455485,1.378071,0.18891378,0.54190075,1.6498762,0.16783391,0.5123123,0.18196936,0.16650201,0.20849983,0.5546826,0.5027642,0.18054666,0.56065,0.37145156,0.15305354,0.51497614,0.48729083,0.49201158,0.3385833,0.6054156,0.57116926,1.6308101,0.16265602,0.5720257,0.105870344,0.49730358,0.19998626,0.528321,0.1889201,0.5658574,0.17290582,2.9134624,0.14186905,0.5891637,0.48586628,0.1756417,0.547757,2.8105152,0.15916471,0.5523889,0.115780726,0.4849806,0.2068481,0.4955481,0.18878941,0.5173415,0.16911964,0.5500437,0.09617266,0.48519108
2024-10-01 12:00:00+00:00,3.1564395,0.1657105,0.57681394,0.5197666,0.23404346,0.6213898,0.23404346,0.21271227,0.627729,0.1873015,0.5308739,0.6050347,3.1351964,0.6550141,0.6550141,0.6444482,3.4452522,0.19264533,1.2993041,0.21018673,0.23044321,0.58888364,1.6990851,0.22566263,0.6159049,0.17786746,0.74478143,0.43183205,0.3301589,0.19415708,1.795765,0.1686031,0.6597823,0.12852402,0.6112423,0.20626767,0.5841986,0.3449734,0.18856673,0.19138347,0.5670234,2.7940156,0.16497822,1.2000073,0.14544775,0.5370201,0.21545775,0.20764191,0.6011156,2.946583,0.5475209,0.63901883,0.75416356,0.3673346,2.59219,0.37486243,3.5483577,1.5717429,0.21208705,0.6011156,0.21820436,0.57331,1.574298,0.20125745,0.57865405,1.60014,0.17742403,0.5462638,0.19559287,0.18207829,0.2250178,0.59634453,0.54181254,0.18585248,0.6013366,0.35943514,0.16085415,0.5520166,0.5178674,0.5308739,0.34907776,0.64324975,0.627729,1.6990851,0.16489373,0.6041123,0.11177198,0.5178406,0.2149073,0.5920613,0.20228182,0.6176669,0.19803865,2.946583,0.16285028,0.63595617,0.47760317,0.19150312,0.57658863,2.8223927,0.16852368,0.5828992,0.118412524,0.5324465,0.21936859,0.5371344,0.20649768,0.53174984,0.18246229,0.59054124,0.10728101,0.5397543
2024-10-01 13:00:00+00:00,3.1709247,0.17934123,0.628258,0.44295144,0.24940468,0.67074174,0.2574151,0.25604513,0.6532772,0.21921983,0.60996675,0.67162687,3.22997,0.66350734,0.72953564,0.67106175,3.5626845,0.2075646,1.3995961,0.23704062,0.2616541,0.66866654,1.7755448,0.25357214,0.66935426,0.20687407,0.6776543,0.40892893,0.33129027,0.21388479,1.9667176,0.19133681,0.7378358,0.13807452,0.6456971,0.22867273,0.66062456,0.30899772,0.21334323,0.21298844,0.6103309,2.939825,0.17900312,1.2073588,0.15484437,0.55688095,0.24755995,0.23778005,0.67162687,3.2870154,0.60006106,0.5892657,0.6635093,0.35735235,2.6066751,0.34508213,3.2987852,1.6907244,0.24632017,0.6704832,0.24730973,0.64425045,1.6742214,0.2290697,0.65521985,1.6331257,0.20650268,0.62011427,0.2201954,0.20665818,0.26165405,0.6597722,0.65521985,0.20921987,0.6384055,0.36203733,0.16930938,0.60996675,0.50988144,0.5243616,0.33614013,0.66657,0.6642154,1.7940451,0.17496917,0.66123474,0.11716499,0.538144,0.2442614,0.68012387,0.23793556,0.67864615,0.21557203,3.22997,0.1747039,0.65912217,0.50444555,0.20787194,0.6238372,3.1496816,0.17433429,0.61325014,0.12767583,0.5450485,0.25928953,0.6313941,0.23020588,0.5872574,0.20726475,0.6635093,0.11265044,0.57431924
2024-10-01 14:00:00+00:00,3.2329943,0.18977882,0.64449066,0.36541864,0.2639047,0.6972826,0.26074976,0.26044065,0.6554602,0.21416433,0.6037256,0.6837397,3.378188,0.6710235,0.7487709,0.7518336,3.6308615,0.20704187,1.4371969,0.25474805,0.2812665,0.6823863,1.8293179,0.26348418,0.6854472,0.20740928,0.5783723,0.4122959,0.3073067,0.23097737,1.969742,0.19582455,0.67932355,0.12895276,0.67130196,0.24709912,0.6621466,0.2667259,0.21815492,0.22323506,0.64449066,2.9640925,0.18471973,1.2342196,0.16508122,0.59647244,0.2594093,0.25250947,0.68554586,3.3018095,0.60181636,0.59753305,0.6149096,0.34929323,2.6399024,0.33813328,3.3018095,1.8416216,0.2639047,0.6972826,0.27042055,0.6972826,1.7424287,0.24982609,0.683052,1.7402983,0.21923469,0.6696053,0.2317356,0.21311386,0.28619128,0.69071764,0.67832416,0.21250464,0.6563017,0.32112616,0.17465682,0.6363278,0.4252183,0.45445308,0.31390613,0.6823863,0.6806788,1.7970694,0.17827724,0.6627833,0.12069937,0.56605536,0.26868057,0.7033711,0.25266492,0.6965949,0.24224319,3.2900398,0.16273923,0.6621466,0.4507765,0.21864603,0.6806788,3.173949,0.18446283,0.64142996,0.1354826,0.6363278,0.2694289,0.6746513,0.2506054,0.64142996,0.22966145,0.661002,0.12585373,0.57734364
2024-10-01 15:00:00+00:00,3.5442755,0.20001316,0.683147,0.3221059,0.2763656,0.789666,0.280516,0.25481448,0.7501199,0.2286492,0.67597574,0.7588131,3.6174138,0.75215036,0.7958595,0.80501074,3.7399037,0.21497953,1.7493061,0.2565224,0.28371564,0.7706779,1.9579011,0.2775434,0.74943095,0.22289714,0.57983,0.47490928,0.34648672,0.24606103,2.0409443,0.19745162,0.75194794,0.15355748,0.6973961,0.24981198,0.7521035,0.24486095,0.22352242,0.23151386,0.688014,3.2239459,0.18974596,1.3601353,0.16073841,0.6274205,0.2671351,0.25815514,0.6950619,3.6250613,0.6419888,0.5900956,0.57719296,0.3228067,2.6634743,0.3172072,3.2239459,2.019881,0.27943882,0.70811117,0.2853386,0.7588131,1.9177984,0.2763656,0.7501199,1.9461453,0.23175758,0.70444405,0.24050987,0.21977988,0.28359386,0.71053255,0.74922854,0.21291417,0.6632187,0.29751495,0.17985103,0.67597574,0.46124253,0.5417164,0.309198,0.6950619,0.6957509,1.9741064,0.17973435,0.68253803,0.13006985,0.573235,0.28144363,0.77465266,0.26239404,0.7588131,0.23199606,3.5442755,0.16706163,0.69362235,0.4558626,0.2196492,0.6950619,3.48723,0.19254407,0.6741591,0.13535511,0.6061937,0.2853634,0.6910577,0.2622634,0.6807923,0.23199606,0.6629744,0.11836774,0.5805213
2024-10-01 16:00:00+00:00,4.093169,0.20373255,0.77656704,0.3970743,0.2778686,0.7982723,0.27954325,0.2867606,0.837256,0.2238808,0.6922486,0.7599704,4.2201777,0.859577,0.923446,0.8639477,4.1603584,0.24496844,1.9039116,0.2915475,0.3169631,0.8555067,2.0245912,0.29523274,0.844737,0.21372569,0.55906236,0.5162866,0.41056177,0.23014909,2.0627053,0.21305695,0.84234494,0.14967,0.6982172,0.29721162,0.8471065,0.28029534,0.244567,0.23796839,0.7541941,3.7496207,0.20015505,1.4408473,0.16714922,0.68286645,0.28062037,0.26866612,0.8252526,4.0586033,0.7326969,0.61272395,0.5764328,0.32871953,2.7516644,0.35767666,3.1689703,2.2263467,0.2806305,0.7541941,0.30237094,0.7599704,2.0050578,0.29738644,0.8228809,1.9885532,0.22941384,0.7541941,0.24502286,0.23004112,0.31417754,0.77851045,0.7576009,0.24717769,0.7576009,0.31214955,0.1848064,0.6888351,0.5047769,0.5564079,0.33346757,0.75380814,0.7599704,1.9859694,0.19108498,0.7783908,0.13497579,0.59909534,0.2975419,0.8246278,0.28927758,0.83962554,0.25258747,4.048314,0.17817599,0.8095004,0.5088627,0.2369963,0.7697215,4.048314,0.20643383,0.77656704,0.14818639,0.64204335,0.30239573,0.75182456,0.28807244,0.74801636,0.25615922,0.72692055,0.11458043,0.5878067
2024-10-01 17:00:00+00:00,4.2164164,0.20007992,0.8088889,0.40739155,0.24879709,0.7531416,0.27258214,0.27217308,0.82326186,0.2236031,0.66771704,0.7469224,4.355996,0.84803027,0.95088404,0.84985536,4.4394007,0.23933849,1.9140362,0.29957506,0.30566272,0.847386,2.1849434,0.30852875,0.93771183,0.21590996,0.5651205,0.5041514,0.41035813,0.22681975,2.319585,0.22352129,0.8614323,0.13675198,0.6905938,0.30835393,0.8410316,0.25568226,0.22848338,0.2308946,0.74733233,4.2000012,0.21114051,1.6407976,0.17210561,0.67160326,0.26737145,0.2740189,0.82060766,4.3809686,0.72060245,0.59778136,0.5691574,0.3318815,2.7478707,0.38224626,3.281267,2.3224146,0.27886692,0.74733233,0.3021377,0.759067,2.349788,0.3002185,0.8447318,2.2202666,0.23113835,0.74733233,0.2448197,0.236951,0.2933891,0.76285976,0.6905938,0.2517608,0.82918227,0.32477507,0.18071914,0.6772285,0.5282826,0.5815852,0.30516687,0.7493159,0.78165936,2.319585,0.20792061,0.83259475,0.1303623,0.574079,0.2912564,0.79894054,0.30031112,0.8507827,0.24133179,4.3858037,0.17983752,0.82171834,0.5032386,0.23116314,0.7681516,4.3858037,0.2092804,0.82111347,0.13335216,0.66310126,0.3014399,0.74733233,0.29959986,0.7812165,0.26320747,0.75073916,0.12058444,0.6005555
2024-10-01 18:00:00+00:00,4.0236454,0.1839918,0.6767932,0.36670017,0.21641548,0.6610977,0.24425088,0.25089148,0.73040056,0.18655051,0.5736999,0.6577894,4.2131443,0.7562464,0.8176218,0.7542837,4.464239,0.20747082,1.7304534,0.24187265,0.26120564,0.7436437,2.3136423,0.27158293,0.8064458,0.19807263,0.50682527,0.40277582,0.37850142,0.1983184,2.269388,0.18784039,0.812548,0.11856562,0.646787,0.25393388,0.7407269,0.2377983,0.19871368,0.20514573,0.67133147,4.011051,0.19174807,1.3935993,0.14753939,0.574035,0.23032875,0.24508314,0.7369341,4.359779,0.6594191,0.53655607,0.53158253,0.3227382,2.6805403,0.37301826,2.9281337,2.2588232,0.24753202,0.66643786,0.2635732,0.675961,2.3438451,0.27357003,0.7517897,2.2143238,0.21006007,0.66712683,0.21363215,0.21167366,0.24768753,0.6750043,0.632642,0.23073669,0.7367684,0.3062785,0.16319923,0.61807364,0.50152844,0.52414304,0.27787176,0.67271286,0.67598224,2.2143238,0.18749736,0.76313806,0.11381128,0.5609339,0.25393698,0.69003636,0.27372286,0.7517897,0.23783372,4.3494906,0.16950174,0.73892796,0.44434398,0.20769568,0.6796357,4.4010253,0.1920863,0.7436437,0.12530468,0.5904353,0.27035168,0.6631685,0.2719539,0.69003636,0.23499636,0.6806542,0.116738334,0.5670838
2024-10-01 19:00:00+00:00,4.3481693,0.15079097,0.66063,0.31066665,0.17811038,0.604058,0.19714822,0.19945319,0.6450815,0.15364428,0.49105173,0.56797266,4.099745,0.6633964,0.6805688,0.76231766,5.9483194,0.1745389,1.7951158,0.19803382,0.21432497,0.68378484,3.0534155,0.22409256,0.74301225,0.16996215,0.4462132,0.38272727,0.35421383,0.16206555,2.401955,0.15463395,0.7837311,0.09267027,0.5783527,0.1988286,0.730734,0.20546049,0.16628389,0.17023145,0.7453818,4.9721847,0.16220142,1.6438785,0.123594925,0.5499327,0.19324999,0.20434417,0.7694001,5.506843,0.66644204,0.50217533,0.39938486,0.3131188,2.8141978,0.3701734,2.6941502,2.7947142,0.1984566,0.5964112,0.21637125,0.60720503,2.8435595,0.21745102,0.6747421,2.5802958,0.17167144,0.5783527,0.17538513,0.176255,0.21652676,0.6475154,0.55715406,0.18896697,0.96235913,0.27419946,0.13236524,0.63935256,0.45323926,0.58795357,0.26290968,0.7714758,0.74301225,2.3694346,0.16641383,0.77702594,0.09347028,0.61057293,0.21171598,0.65598905,0.2121162,0.67763835,0.19838841,5.098903,0.13616647,0.74125594,0.41354668,0.17545687,0.6941855,4.9770207,0.16246997,0.75391436,0.10559434,0.5343596,0.21240549,0.5509094,0.21741296,0.5783527,0.18862097,0.68549234,0.10550424,0.6010126
2024-10-01 20:00:00+00:00,4.0376563,0.12174027,0.5691983,0.2957146,0.14502127,0.52043396,0.15428005,0.16024978,0.5691983,0.12653066,0.45109165,0.48842233,4.100147,0.57421297,0.58110255,0.64162856,5.7757907,0.13729264,1.4022286,0.1536517,0.17510565,0.578378,3.11557,0.17756529,0.59840614,0.13885473,0.40197903,0.3391457,0.29089704,0.13907938,2.4023566,0.13051878,0.69719106,0.0905349,0.5097135,0.16286524,0.6145386,0.19856498,0.13128202,0.1413063,0.6717362,5.3387985,0.1276188,1.5846845,0.103760324,0.5387767,0.16032626,0.16004203,0.6834513,5.857256,0.65564626,0.444292,0.34420434,0.28761807,2.7559395,0.34536642,2.6104875,2.6959467,0.1554944,0.4907648,0.16993867,0.49915326,2.7853012,0.17360957,0.550955,2.5806975,0.1405247,0.48391867,0.14404474,0.1412826,0.16090764,0.5889326,0.46374905,0.15476449,0.87635994,0.2578608,0.108942986,0.56637925,0.42478764,0.47588944,0.2348652,0.6851496,0.65564626,2.3698363,0.13697861,0.74292415,0.091202706,0.5277992,0.17000441,0.5568113,0.16741388,0.58151144,0.14768817,5.3326273,0.11613099,0.6826497,0.37931997,0.13628624,0.66394633,5.1979,0.12751402,0.6743993,0.09107203,0.50160164,0.1697085,0.4458704,0.16964565,0.4995568,0.15161209,0.6743993,0.0913478,0.5311658
2024-10-01 21:00:00+00:00,3.3993351,0.109806255,0.4954784,0.29354164,0.12573977,0.4555301,0.13206156,0.1379994,0.51648915,0.112082124,0.40933204,0.44784307,4.0621457,0.55741423,0.56603914,0.5706299,4.499636,0.12365082,1.1930006,0.12900196,0.15201925,0.44358057,2.478036,0.14349644,0.52388144,0.12069726,0.3725323,0.33388308,0.28471693,0.12421241,2.247569,0.11008777,0.6700023,0.08942855,0.4872738,0.12880985,0.5033703,0.184223,0.11239238,0.12160824,0.5462085,4.718629,0.1135458,1.2483386,0.09032923,0.5170194,0.13199319,0.12970133,0.5383507,4.8476295,0.5270721,0.39103138,0.31266215,0.27812633,2.4516468,0.32951078,2.407393,2.2710052,0.12840052,0.4102217,0.14069833,0.40842772,2.7200818,0.13878931,0.4872738,2.3729076,0.11675555,0.40316886,0.123192534,0.11954809,0.13521267,0.47756833,0.38073272,0.12744482,0.6632391,0.2609119,0.09681805,0.56362927,0.39280677,0.42506486,0.22891556,0.6391896,0.6501591,2.2265058,0.12457299,0.6936539,0.090096354,0.5301378,0.13894479,0.43401372,0.13389148,0.4872738,0.11919717,4.456541,0.10757803,0.585747,0.33142367,0.11691164,0.53924525,4.7083397,0.10977217,0.57599235,0.08996568,0.47903085,0.13986813,0.39714062,0.13557704,0.44447398,0.129524,0.5857265,0.09024145,0.4605627
2024-10-01 22:00:00+00:00,3.1558359,0.10505628,0.4404733,0.28491163,0.11472456,0.37844163,0.11581419,0.118778765,0.44512877,0.106221795,0.3429482,0.39879268,3.5000799,0.5152561,0.5654915,0.51273197,3.9717495,0.119957075,1.073392,0.114691615,0.13092282,0.39625978,2.2295523,0.12113757,0.45226273,0.112246454,0.35782486,0.3119185,0.28594738,0.11547605,1.9740449,0.105919555,0.586426,0.08736755,0.43910068,0.1123672,0.4543756,0.1790085,0.10618885,0.11386966,0.44359472,3.9250379,0.104404576,1.0511682,0.091010764,0.37381506,0.114628755,0.114362575,0.4488715,4.0091267,0.46785262,0.36559302,0.30507898,0.27170068,2.3893757,0.31743306,2.570034,1.9156823,0.11610582,0.3375364,0.12077458,0.3446831,2.5123587,0.1183201,0.41878903,1.972324,0.105513915,0.34347647,0.11304569,0.11045284,0.118569046,0.35006195,0.33691496,0.114268884,0.5430242,0.23379397,0.09272949,0.43756634,0.31743306,0.3831228,0.21159813,0.50586593,0.5097176,2.0085287,0.110183544,0.5828401,0.0892661,0.4037345,0.12161614,0.3911636,0.117922954,0.43173993,0.11163847,3.9250379,0.104294665,0.51086974,0.33213198,0.10922275,0.43496555,4.0091267,0.1049417,0.50717485,0.08913542,0.39944422,0.12116238,0.3375364,0.11784235,0.37232906,0.11648031,0.5113324,0.08941119,0.40933418
2024-10-01 23:00:00+00:00,3.227034,0.09918313,0.4484443,0.2878645,0.11032984,0.34056062,0.112175085,0.1107609,0.41370922,0.1052431,0.3142662,0.3777339,3.2702146,0.5143524,0.54668933,0.4934954,3.6849256,0.11698318,1.0844737,0.108352385,0.11985135,0.37223303,2.1225536,0.11211116,0.42965782,0.10494086,0.3392642,0.3039276,0.2738179,0.11172342,1.8589867,0.09898827,0.55635303,0.08643616,0.42186612,0.10573503,0.42133415,0.18655613,0.099257566,0.10766578,0.42710632,3.8878982,0.098531425,0.9779319,0.091443785,0.3528955,0.11038444,0.108273156,0.43151814,3.8878982,0.47334808,0.36655492,0.32108092,0.254271,2.3412597,0.30750918,2.443435,1.9209675,0.10821577,0.31960964,0.111724876,0.32243246,2.385759,0.10962996,0.4132691,1.9035391,0.10545389,0.33408362,0.106916636,0.10694815,0.11188036,0.30990005,0.31749934,0.10565884,0.5126491,0.23162504,0.09316251,0.40033746,0.31721878,0.36688137,0.20223697,0.4619972,0.46595144,1.9035391,0.10515182,0.5443253,0.08905957,0.3939972,0.113828585,0.34574884,0.10842864,0.41789562,0.10801551,3.9120715,0.097801946,0.51065344,0.30750918,0.10574728,0.42265505,3.8878982,0.09906855,0.49684197,0.08892889,0.34219885,0.11369791,0.30778974,0.10817772,0.3431856,0.10794172,0.5026446,0.08920466,0.38372636
2024-10-02 00:00:00+00:00,3.1104653,0.099717155,0.44398072,0.29658088,0.11160471,0.3443543,0.11071907,0.10951795,0.4040766,0.10477748,0.30091015,0.37554005,3.091893,0.51929814,0.5630887,0.48784053,3.6433222,0.116843335,1.1293495,0.104940966,0.11876985,0.37312922,2.1202502,0.10920435,0.44258973,0.097981766,0.32593688,0.30504844,0.27685001,0.11189355,1.8915938,0.10022883,0.55471176,0.07999631,0.43846706,0.10451189,0.4283522,0.19510716,0.09812602,0.10452541,0.43622836,3.7034035,0.09743801,0.98743665,0.087042585,0.35266232,0.10630348,0.10451189,0.43354562,3.931816,0.49293837,0.34607685,0.33070776,0.25533238,2.3751612,0.3136861,2.4773364,1.7060229,0.10761739,0.31175414,0.10761739,0.31429592,2.401453,0.106527925,0.3950406,1.763023,0.098369755,0.3241669,0.104932025,0.105143756,0.10935984,0.31429592,0.30087718,0.104924634,0.5093826,0.23511037,0.09002953,0.4104589,0.31760406,0.36849713,0.20535189,0.46799234,0.47554287,1.8176469,0.100719444,0.53669703,0.082254045,0.3731485,0.10935984,0.35804117,0.10466737,0.426935,0.10501308,3.931816,0.095023826,0.52769977,0.3399766,0.10501308,0.42188695,3.931816,0.09770656,0.50204647,0.08212337,0.33126894,0.10922916,0.30026272,0.104741335,0.33140504,0.104623,0.5045696,0.08402028,0.36711526
2024-10-02 01:00:00+00:00,3.1695101,0.10196422,0.46305874,0.2948679,0.111338675,0.3640602,0.11280584,0.11071907,0.41151074,0.107453905,0.32193333,0.36726567,3.028466,0.5472695,0.5823611,0.48529053,3.639179,0.11697096,1.1426342,0.104940966,0.11732752,0.3463228,2.0148613,0.110405475,0.44254985,0.0928568,0.33029935,0.3083146,0.28519472,0.11395314,1.8483466,0.101585194,0.5557037,0.07999631,0.4333693,0.106098846,0.46159735,0.20203537,0.106151275,0.10452541,0.43443438,3.493547,0.09743801,1.0204825,0.087042585,0.36217368,0.10630348,0.10451189,0.4415793,3.7275772,0.47987962,0.35079068,0.33078355,0.25399485,2.1762948,0.31436422,2.4773364,1.5257832,0.10920435,0.31429592,0.10920435,0.31635562,2.345408,0.106527925,0.40225556,1.5257832,0.10125197,0.3234033,0.106518984,0.10640625,0.111446604,0.31574115,0.29363784,0.104924634,0.49673948,0.23511037,0.09002953,0.4154288,0.3149194,0.38100857,0.20561087,0.46850052,0.46691605,1.8483466,0.10445575,0.53698665,0.082254045,0.38350046,0.10935984,0.34361744,0.10625433,0.41763523,0.10501308,3.7275772,0.095023826,0.53218144,0.33766764,0.10501308,0.43031707,3.7275772,0.09770656,0.51374,0.08212337,0.35266232,0.10922916,0.29577753,0.104741335,0.34435576,0.104623,0.49760103,0.08402028,0.3886631
2024-10-02 02:00:00+00:00,3.1104653,0.10789922,0.47918198,0.30957568,0.12144758,0.38464805,0.11752154,0.11296692,0.42690453,0.1114757,0.3408413,0.41460487,3.091893,0.54219073,0.592993,0.5069929,3.6433222,0.12290545,1.1467857,0.109365426,0.12089598,0.37500086,1.9134227,0.11457441,0.44049427,0.09814284,0.36702022,0.3149787,0.29408804,0.12351909,1.7827309,0.1082946,0.5813908,0.08363921,0.49850783,0.109967865,0.45022163,0.2058217,0.10843885,0.11269514,0.44621196,3.4337282,0.10739153,1.0204825,0.08825458,0.38413233,0.11496956,0.109967865,0.43736407,3.7034035,0.504871,0.36698675,0.3366801,0.2658753,2.1762948,0.3149787,2.4773364,1.5257832,0.11675866,0.3262266,0.11675866,0.3288707,2.0119047,0.11056655,0.39337263,1.763023,0.109232515,0.34361744,0.115015455,0.11068727,0.12140537,0.3366801,0.30624,0.10508571,0.5170603,0.24382001,0.10351396,0.4417546,0.34087312,0.40224493,0.21161324,0.4932867,0.49850783,1.8483466,0.10484187,0.54824716,0.08493177,0.42390382,0.11534949,0.35266232,0.10909183,0.41828784,0.1065809,3.493547,0.09579162,0.5563311,0.34687346,0.110700846,0.44674054,3.4337282,0.1047112,0.5238462,0.08480109,0.39815015,0.11616388,0.30624,0.10490241,0.33140504,0.10904746,0.5183552,0.08578379,0.42048377
2024-10-02 03:00:00+00:00,3.3580084,0.11454274,0.5104204,0.32484552,0.14313745,0.45543373,0.14056325,0.13088232,0.492813,0.13199791,0.41423014,0.4625895,3.0705347,0.5696964,0.6499291,0.54555726,3.6178203,0.13061309,1.1924937,0.12661672,0.1363616,0.42054668,1.9169945,0.1259236,0.45669076,0.117199965,0.44138882,0.3403494,0.3001037,0.14290082,1.8970648,0.12069014,0.6062063,0.08758557,0.5495535,0.12084779,0.50712544,0.2363348,0.12640327,0.12537262,0.50637203,3.2010205,0.11470575,1.0667553,0.107412666,0.4661638,0.13004375,0.12763256,0.4793778,3.7062185,0.5241221,0.37304857,0.37304857,0.2634,2.19707,0.32432595,2.8788965,1.7717077,0.139346,0.3859705,0.13668638,0.38469705,1.9237502,0.13099343,0.43684033,1.8484228,0.12673151,0.39968154,0.13002077,0.12258766,0.1409257,0.3890811,0.38396916,0.122767724,0.53141093,0.2622588,0.11081165,0.5103727,0.38569596,0.4094284,0.22799575,0.5392962,0.54391205,1.8970648,0.111685336,0.583846,0.08798479,0.4378446,0.13382962,0.40261248,0.11886225,0.4535828,0.11709115,3.622226,0.10567945,0.57389545,0.36902753,0.12186815,0.50089276,3.2010205,0.11557274,0.53227293,0.08785412,0.4580231,0.13200521,0.34468576,0.11963853,0.38212267,0.12092399,0.55998874,0.08883681,0.43873337
2024-10-02 04:00:00+00:00,3.3370886,0.13303065,0.53933,0.3313949,0.1680665,0.5091205,0.16243699,0.14688739,0.51649874,0.15459543,0.4387835,0.51338977,3.2807145,0.6067596,0.68108267,0.55553323,3.5439987,0.14663544,1.1962491,0.14767808,0.16115475,0.45766643,1.6975118,0.14249149,0.50246006,0.1324217,0.4669803,0.36698517,0.28289747,0.15877113,1.8937569,0.13665116,0.61986244,0.105468094,0.6064545,0.1424965,0.5182334,0.20882979,0.15131637,0.1439063,0.51651144,3.1842444,0.13238409,1.1503928,0.117758475,0.45217428,0.15679833,0.15201977,0.5074261,3.6013062,0.5299512,0.39683053,0.43312332,0.2490136,2.375016,0.29508936,3.805545,1.81781,0.1708211,0.49305007,0.16780013,0.46951225,1.9204422,0.15828633,0.52131665,1.6451672,0.1514777,0.4792662,0.15148824,0.14279824,0.16131026,0.45847943,0.41292605,0.13394207,0.5182334,0.25552732,0.13086534,0.546191,0.39421424,0.4104664,0.23537174,0.57711816,0.56076217,1.8443465,0.12248441,0.57817197,0.09451523,0.47530565,0.15192598,0.43828657,0.14099449,0.50990504,0.14296314,3.1801007,0.116996124,0.60088384,0.38114128,0.14372426,0.5182334,3.394101,0.12575993,0.5603769,0.101976216,0.49417654,0.1524021,0.41292605,0.13981256,0.43264976,0.14479783,0.5603769,0.08840498,0.5033836
2024-10-02 05:00:00+00:00,3.0686562,0.13594157,0.5488309,0.49646065,0.17681795,0.53190804,0.1720778,0.1578125,0.5191748,0.16518408,0.45772186,0.5153731,3.2194316,0.60800844,0.6766127,0.59182245,3.5444682,0.15816638,1.3085686,0.15327382,0.16861588,0.46966347,1.6794598,0.14798462,0.49913487,0.13958296,0.54240704,0.3591332,0.30678773,0.16174462,1.8263555,0.13825554,0.60865635,0.10469574,0.59903127,0.1513381,0.5253631,0.24749967,0.16929117,0.15804881,0.5284588,3.0406313,0.13351744,1.1362581,0.120558605,0.48893455,0.16762838,0.15432978,0.5158395,3.1805701,0.5487599,0.5083375,0.55312914,0.2940588,2.6580462,0.33492655,4.138668,1.8566995,0.18583715,0.49955025,0.18429554,0.4862388,1.8566995,0.16483188,0.51850086,1.8020756,0.16539487,0.49444416,0.15952793,0.14489278,0.17622042,0.4667807,0.42503265,0.13792753,0.5432884,0.28066093,0.1469506,0.5670468,0.4450356,0.4219105,0.26552057,0.61028296,0.5956864,1.8101501,0.12566113,0.58706516,0.10509496,0.4898685,0.16195369,0.46831945,0.15059683,0.50926733,0.1420376,3.1847138,0.11938531,0.5956864,0.43486616,0.15286517,0.558925,3.1276684,0.13302487,0.5659185,0.10176102,0.4838433,0.16864067,0.42600593,0.15057895,0.45308313,0.1553868,0.560826,0.098113015,0.51954865
2024-10-02 06:00:00+00:00,3.0460598,0.13087392,0.5243686,0.53713936,0.18021864,0.5325964,0.17963096,0.1633021,0.48637855,0.16634277,0.48627305,0.53930813,2.9495618,0.6158789,0.615287,0.59021264,3.4840696,0.1509017,1.1791613,0.16483182,0.17503753,0.47513145,1.4188312,0.1574766,0.49662614,0.13588181,0.6776364,0.38736224,0.33452073,0.1617944,1.7897304,0.14299035,0.59571683,0.09890809,0.5652915,0.1564048,0.4981075,0.3225433,0.1647217,0.15626743,0.5340253,2.9188457,0.1357755,1.1333052,0.12321768,0.5549649,0.16887811,0.16042343,0.5039349,3.0672698,0.515706,0.6086769,0.64913535,0.35981023,2.6868958,0.38367325,4.1373143,1.7548147,0.18851626,0.49469668,0.18480974,0.49425578,1.7351066,0.17060944,0.5167188,1.7548147,0.16564813,0.4934168,0.16118973,0.14813796,0.18436491,0.49134618,0.43743014,0.14760146,0.53391343,0.34048426,0.14523575,0.57042444,0.521102,0.4519605,0.2960584,0.61923087,0.6003711,1.7897304,0.13026553,0.59029543,0.10359846,0.5378466,0.16774398,0.4934168,0.15286478,0.5007907,0.13989106,3.0672698,0.12510777,0.5863069,0.5179002,0.15650511,0.5597986,2.9589896,0.13250434,0.5541115,0.1078155,0.4737028,0.17063427,0.4393536,0.15993461,0.44352233,0.15278828,0.56013715,0.097732164,0.5370999
2024-10-02 07:00:00+00:00,2.9645026,0.13977993,0.5398765,0.59577715,0.19194955,0.53621393,0.18646985,0.1699712,0.4952616,0.17102048,0.4825086,0.5363197,2.6994784,0.5897003,0.62594205,0.60554534,3.2356904,0.15395904,1.1741472,0.16774169,0.18107599,0.5099209,1.3996996,0.16993827,0.5234265,0.14870125,0.73064685,0.3880275,0.33706817,0.1663472,1.7327303,0.1516158,0.5961827,0.096551254,0.56161535,0.16583163,0.51091,0.3256249,0.17621008,0.1662296,0.5369481,2.8747048,0.1471988,1.135852,0.12800848,0.5749774,0.18093336,0.168129,0.5065053,2.9978452,0.5283909,0.6855335,0.71859396,0.38046873,2.9189262,0.3935604,4.4845614,1.7897304,0.20021367,0.51382536,0.18934897,0.50181466,1.6781064,0.17997509,0.51525396,1.7351066,0.17342705,0.50517255,0.17138097,0.15534371,0.18837449,0.49714077,0.45078963,0.14334172,0.5398436,0.37331426,0.15801588,0.57557464,0.5666585,0.501751,0.31817922,0.6202823,0.6129168,1.7327303,0.13603154,0.5905931,0.11078435,0.5551229,0.17165285,0.4898758,0.16241202,0.50660115,0.139972,2.915214,0.1293427,0.5827472,0.52047867,0.16346446,0.55527425,2.9360924,0.13514054,0.557716,0.113587916,0.5002181,0.1806165,0.46993935,0.16423967,0.46993935,0.16174912,0.5749038,0.10539416,0.54764193
2024-10-02 08:00:00+00:00,2.8615115,0.14704788,0.533446,0.5875941,0.19785818,0.5680388,0.19248316,0.180538,0.5096999,0.16257507,0.48879385,0.5298949,2.6835244,0.59751564,0.6378719,0.60244113,3.3653152,0.16120014,1.2257421,0.17281559,0.19379368,0.52360564,1.4023552,0.1772168,0.53586787,0.16728264,0.77191556,0.4032765,0.32698545,0.1773456,1.7353859,0.15037176,0.6040298,0.11060188,0.58079946,0.17142114,0.54365677,0.32140383,0.18168166,0.1722731,0.5680059,2.8587508,0.15257916,1.1459631,0.14362052,0.58402395,0.1956662,0.178437,0.52418184,3.040936,0.5572431,0.6972065,0.7150737,0.38353425,2.9495,0.40511686,4.5029473,1.7564723,0.20291328,0.5471916,0.20221415,0.5336511,1.680762,0.18794608,0.5431106,1.7367644,0.18014348,0.53465444,0.17813143,0.16229105,0.20200458,0.5386962,0.4843958,0.16246617,0.56695575,0.37637144,0.16708153,0.59486616,0.55628216,0.5033111,0.32200995,0.6342864,0.6098126,1.70047,0.1396029,0.5901084,0.11392685,0.5292197,0.18653837,0.5011211,0.18122357,0.5183232,0.15679249,2.8587508,0.14219746,0.58079946,0.5170548,0.17155233,0.5777067,2.8587508,0.14743102,0.58321834,0.11793343,0.52826285,0.1879709,0.49426627,0.17618942,0.48959994,0.16633478,0.5901084,0.11009616,0.57059145
2024-10-02 09:00:00+00:00,2.8674085,0.14116606,0.5368281,0.5887054,0.20311666,0.53659374,0.18710178,0.18643433,0.5253699,0.1622799,0.48031083,0.53561765,2.6280339,0.6146055,0.6809208,0.58971316,3.3712118,0.16844973,1.2177839,0.18250185,0.20258158,0.53178304,1.4473646,0.19109985,0.5745841,0.16259426,0.78551185,0.38321605,0.33406305,0.18322822,1.7425497,0.15730819,0.6211848,0.11182386,0.5624865,0.18543011,0.5688276,0.31222558,0.1814614,0.17246002,0.5797955,2.9264002,0.16202092,1.1551088,0.13282308,0.5863055,0.19641012,0.19366017,0.5435511,3.046833,0.58389723,0.7059474,0.7598922,0.388279,2.9959059,0.41447237,4.5316896,1.7439282,0.2030654,0.55297494,0.20708725,0.545624,1.7636362,0.20060211,0.56999266,1.8147573,0.17614254,0.5491232,0.18186063,0.16881639,0.19722152,0.5451623,0.49659953,0.16884896,0.58700895,0.38315508,0.16268867,0.5729115,0.54850215,0.5131808,0.3240794,0.60395813,0.58627415,1.7076339,0.14209968,0.5905645,0.10753936,0.5195448,0.19040552,0.52357495,0.18234193,0.5548159,0.15262601,2.905157,0.1412999,0.6046703,0.5108069,0.17173925,0.582209,2.9665446,0.15090743,0.59369254,0.1144178,0.5017056,0.19477898,0.50298554,0.18715069,0.50760394,0.16758984,0.59093,0.09972541,0.53794736
2024-10-02 10:00:00+00:00,2.8648539,0.14277649,0.54407847,0.58674324,0.20075849,0.50846034,0.19050303,0.18513194,0.5583013,0.17022851,0.49891707,0.53938687,2.7448063,0.5993446,0.6525439,0.58786595,3.3659859,0.16781276,1.3377289,0.17987719,0.2085678,0.53772014,1.6357104,0.1944887,0.5819191,0.16313848,0.76194626,0.38714647,0.32893848,0.18236595,1.6903342,0.16560471,0.6379756,0.11111761,0.5931488,0.18496901,0.56816626,0.32529002,0.17564309,0.17564309,0.5681665,2.9856515,0.16308844,1.125546,0.13546535,0.5914078,0.20075849,0.18815017,0.5656464,3.072688,0.5708796,0.6867467,0.71244955,0.37440258,2.687131,0.39815688,4.3976345,1.6357104,0.20547947,0.5529274,0.20634761,0.55803895,1.6824433,0.19980943,0.58576703,1.7561332,0.17423287,0.5540373,0.18049598,0.17472467,0.20563498,0.5528201,0.46944323,0.17604232,0.5994631,0.383197,0.15289068,0.5656464,0.52250737,0.5529274,0.32280684,0.5853151,0.58660483,1.6554183,0.15047091,0.60577357,0.10642331,0.5024157,0.18487173,0.558687,0.18512449,0.5736215,0.16627711,2.8439755,0.13741726,0.5994631,0.51078886,0.17969784,0.5736215,2.905363,0.15861326,0.5912894,0.12580943,0.4594914,0.19451353,0.50348336,0.1911209,0.5035791,0.17492515,0.58118427,0.10365874,0.49337527
2024-10-02 11:00:00+00:00,2.7962406,0.14757892,0.5609676,0.5738947,0.20193875,0.53161097,0.2060552,0.19957006,0.5728646,0.17534018,0.49119934,0.5567846,2.7375805,0.59524494,0.6411581,0.5901999,3.3587606,0.1673652,1.3616649,0.19321516,0.2172294,0.54360145,1.4568228,0.20154953,0.5919083,0.18464842,0.69444764,0.39104468,0.30485004,0.18561086,1.6898538,0.16843504,0.6404768,0.12896636,0.55087775,0.18621829,0.58170825,0.36168295,0.18472537,0.18428692,0.5653247,3.0654628,0.1610874,1.2661402,0.14269838,0.56429034,0.2102069,0.20197049,0.57916576,3.0654628,0.5701354,0.68341607,0.75831324,0.3753351,2.6799052,0.39820385,4.4267282,1.6876578,0.21111992,0.5525498,0.20762247,0.56686383,1.6679499,0.19957006,0.5833871,1.7223635,0.175058,0.5405858,0.18903571,0.17573941,0.21197239,0.58166903,0.501793,0.17880836,0.5790146,0.36962378,0.15807071,0.56429034,0.4913307,0.53771394,0.32511425,0.59524494,0.5919083,1.7275457,0.15406862,0.5989607,0.10954543,0.4830232,0.19972557,0.55054647,0.19428921,0.57916576,0.16368619,2.8981373,0.14734796,0.59429806,0.51474124,0.1765837,0.5648115,2.857628,0.16331074,0.5887311,0.12658286,0.4930853,0.2072483,0.52339804,0.19048709,0.515305,0.16643476,0.5695979,0.10735668,0.48883596
2024-10-02 12:00:00+00:00,2.9726462,0.16384232,0.5805849,0.5144249,0.22339976,0.60471356,0.21722275,0.21215242,0.6197767,0.18825749,0.5485838,0.58161783,2.8451004,0.62692404,0.68533564,0.65266275,3.4811234,0.18839529,1.3753622,0.21173096,0.2274509,0.5902622,1.6887305,0.21834579,0.6387481,0.18488064,0.69269973,0.36700845,0.28274333,0.20470667,1.8098049,0.18926823,0.6812402,0.12952599,0.5865464,0.20093784,0.6387481,0.36195922,0.20023125,0.19327596,0.58783066,3.0529346,0.17912352,1.3084849,0.14767116,0.5679239,0.22339976,0.21173096,0.6286859,3.3198366,0.5931747,0.67209166,0.69955224,0.3643794,2.6158023,0.39361858,3.8028913,1.6590029,0.21834579,0.5923275,0.21720636,0.5931747,1.6663365,0.20963153,0.6123556,1.6848369,0.17952266,0.58191454,0.20597404,0.18939897,0.2185393,0.5958291,0.56847453,0.19414538,0.60513115,0.36453885,0.16423535,0.5829091,0.49501583,0.551114,0.3198399,0.63682973,0.645068,1.746048,0.16595525,0.6528511,0.11256829,0.51566833,0.21629846,0.5923275,0.20766842,0.63049954,0.19173154,2.9938898,0.16307598,0.645068,0.5010049,0.19376898,0.5931747,2.9726462,0.16582456,0.6292429,0.12061233,0.52035993,0.22342455,0.5612531,0.21101984,0.55444205,0.18867028,0.63789344,0.113560095,0.5557662
2024-10-02 13:00:00+00:00,3.20359,0.17941755,0.63667333,0.417497,0.22982761,0.6854308,0.24668482,0.23114005,0.6854308,0.20756549,0.55976707,0.652803,3.2626348,0.68707657,0.76465935,0.6925433,3.6756377,0.20916378,1.4557011,0.2537542,0.26076347,0.67599225,1.7550075,0.25160688,0.68424326,0.19333369,0.67755336,0.38327044,0.3221916,0.22480163,1.8951027,0.20100552,0.74306846,0.12863642,0.6119006,0.2533052,0.74306846,0.3027432,0.21111372,0.21655524,0.6526657,3.2626348,0.19368953,1.4202214,0.16103125,0.6119006,0.26471353,0.24214399,0.69316787,3.7429156,0.6290865,0.6385917,0.6451582,0.36596495,2.667221,0.3563115,3.7429156,1.8115072,0.25160688,0.6692533,0.24496636,0.6636352,1.7735078,0.22962525,0.68707657,1.7008858,0.20518261,0.6449116,0.22837743,0.21185899,0.27205312,0.68605536,0.64634895,0.21778926,0.681459,0.35870558,0.17547682,0.652803,0.50891453,0.512991,0.30983537,0.6636352,0.6787765,1.8937645,0.18407339,0.6783983,0.12023016,0.56418943,0.25176233,0.6781779,0.24505898,0.69316787,0.21143088,3.523919,0.16764331,0.68707657,0.47914413,0.21764219,0.64988154,3.4668736,0.18860722,0.68253577,0.13693264,0.5475825,0.2541046,0.65779024,0.2438924,0.6221049,0.20167705,0.6925433,0.122201,0.618382
2024-10-02 14:00:00+00:00,3.5601008,0.1942847,0.68311477,0.39383027,0.26023722,0.7758952,0.27269912,0.25452107,0.7565168,0.22391483,0.633847,0.6987146,3.5440075,0.74364746,0.8210525,0.7572058,3.7966812,0.22279423,1.7375615,0.27906668,0.2706455,0.6931223,1.8022046,0.27100128,0.74823034,0.20078105,0.5500853,0.3727063,0.3268469,0.23019698,2.0206454,0.19505015,0.7552034,0.13656819,0.66695845,0.26941878,0.8185296,0.27412426,0.21799076,0.22838706,0.6883013,3.6171463,0.21144283,1.600351,0.17505786,0.66226065,0.27395517,0.25452107,0.76829034,4.0315866,0.68212,0.63049614,0.6509708,0.36203945,2.807357,0.3566717,3.3474162,2.077287,0.27270126,0.74754137,0.27395517,0.7582455,2.0206454,0.26964778,0.7565168,1.8493084,0.22569275,0.7442719,0.23789573,0.22584823,0.30384135,0.76589894,0.74364746,0.21647269,0.7353473,0.33306956,0.18524832,0.68233705,0.45146492,0.4911745,0.2686175,0.68765557,0.6882801,2.0206454,0.18839625,0.73256314,0.13199583,0.57331264,0.2612024,0.6987146,0.26557297,0.7572058,0.23504612,3.6171463,0.1845246,0.74823034,0.49062982,0.22780961,0.6976961,3.6171463,0.20963529,0.73388517,0.1439997,0.61360884,0.27556682,0.6883013,0.26619685,0.6860099,0.22241747,0.7449695,0.123912275,0.6431283
2024-10-02 15:00:00+00:00,3.8206286,0.20186952,0.75847346,0.3726456,0.26868924,0.79814315,0.29133943,0.27480355,0.8396844,0.2307305,0.7254436,0.7734947,4.0319767,0.85073906,0.8824382,0.85589546,3.8930087,0.2121787,1.8615566,0.26454744,0.27480355,0.76347166,1.9713305,0.27049616,0.79967576,0.20855865,0.5137597,0.4213238,0.28190973,0.23235768,2.054659,0.21650356,0.82486826,0.14988136,0.6990041,0.26454744,0.85639656,0.2537488,0.22941807,0.23952878,0.7156924,4.0319767,0.21107885,1.7274073,0.1798293,0.70451206,0.27550367,0.27354965,0.84135693,4.492058,0.75847346,0.6332561,0.60543275,0.35838148,2.8520336,0.33427867,3.3560686,2.2924533,0.28029796,0.78295976,0.29235587,0.7734947,2.054659,0.28891507,0.8196121,1.9301525,0.23144603,0.76545525,0.25057575,0.239928,0.31476834,0.7816377,0.7156924,0.22359273,0.7735165,0.31428948,0.1908727,0.71332276,0.45956096,0.56360435,0.27580222,0.7711251,0.7560731,2.0369456,0.1958091,0.7863997,0.1310719,0.61372495,0.2645817,0.8020454,0.2720051,0.79967576,0.25771967,4.0319767,0.1939305,0.79967576,0.51344556,0.23724428,0.7711251,4.11932,0.22084862,0.8045908,0.15010464,0.698973,0.28032276,0.7527675,0.27688196,0.7528036,0.25771967,0.74954885,0.124727055,0.6040176
2024-10-02 16:00:00+00:00,4.598493,0.21313047,0.8524877,0.42995104,0.27480224,0.8397871,0.28334996,0.29773298,0.88284534,0.2538058,0.7846943,0.79366976,4.598493,0.9542934,0.9963397,0.87689865,4.598493,0.23152426,1.9753282,0.27477124,0.30334798,0.8209232,2.099815,0.29401425,0.9691907,0.22024482,0.5643217,0.49173263,0.3711591,0.25533953,2.3376093,0.22656363,0.8829413,0.14769897,0.7002735,0.31056187,0.96754104,0.3094966,0.2533035,0.2612299,0.8074154,4.6261697,0.21428424,1.8159573,0.18563038,0.7025523,0.2796677,0.29054788,0.9691907,5.315787,0.8344475,0.6683112,0.6198556,0.3814923,3.167313,0.3863137,3.3623228,2.3376093,0.30270454,0.7999024,0.30334798,0.8397871,2.4636416,0.31424424,0.8766127,2.0810952,0.24030817,0.7923724,0.2600545,0.25370273,0.3104963,0.8135453,0.8152828,0.22933751,0.85490906,0.31601593,0.19671592,0.71745163,0.532741,0.5759452,0.27570477,0.80380464,0.77525395,2.1189036,0.20240378,0.84882057,0.13323727,0.6315622,0.2854143,0.89498985,0.2869846,0.9691907,0.24865004,4.5603175,0.19164771,0.8581969,0.5375187,0.24083638,0.842096,4.5603175,0.22612235,0.8581969,0.16287658,0.76019,0.28433004,0.80380464,0.30261788,0.82382154,0.26272866,0.78506464,0.120205365,0.59526855
2024-10-02 17:00:00+00:00,4.882484,0.21295168,0.8428983,0.43532598,0.2535462,0.72746557,0.27492115,0.27785268,0.87853545,0.23042877,0.72368854,0.78335077,4.885155,0.8920246,1.0215832,0.85523283,5.0200934,0.22134103,2.0598214,0.2808611,0.30267373,0.87245935,2.4474342,0.29958746,1.0278229,0.22416489,0.5746368,0.5089967,0.3618914,0.22961505,2.4617312,0.22951989,0.90730125,0.13628359,0.7345977,0.31371334,0.8817904,0.3489589,0.23039584,0.24643783,0.8095186,5.181224,0.22694997,1.8203018,0.1718228,0.68966115,0.27116945,0.28039208,0.9062062,5.3575287,0.8142373,0.68507826,0.59436786,0.3879844,3.0552843,0.41679192,3.381231,2.5981357,0.2808611,0.80242014,0.30267373,0.80809,2.877196,0.30267373,0.9029633,2.1609628,0.24069451,0.7909713,0.25150493,0.23960935,0.28101656,0.8017339,0.80809,0.2321075,0.88308775,0.33519283,0.18663763,0.72743267,0.5625336,0.647552,0.28378573,0.7862872,0.7923999,2.4172318,0.2040974,0.87850255,0.12780817,0.63074505,0.28414556,0.8686666,0.29260543,0.9893086,0.24670638,5.18606,0.2027774,0.8711352,0.53162646,0.24054424,0.83209133,5.3079424,0.22118421,0.8893204,0.1536903,0.7702804,0.2941213,0.8007225,0.31449303,0.8327394,0.2784066,0.8118678,0.12044154,0.62965393
2024-10-02 18:00:00+00:00,4.7746634,0.18584418,0.7326568,0.35791165,0.2110351,0.64940935,0.23237637,0.24519762,0.79087764,0.19616371,0.59971076,0.6964765,4.559876,0.7992187,0.85911256,0.7336205,4.938351,0.21165028,1.8731453,0.26113334,0.2749059,0.7814506,2.463821,0.27977136,0.89036584,0.20732245,0.5266152,0.42890257,0.34312114,0.20107046,2.3619184,0.21483356,0.84383184,0.1183234,0.6914856,0.27361885,0.8115576,0.27589875,0.19638562,0.21046442,0.7159357,4.864793,0.19963399,1.7213699,0.16209778,0.5755152,0.24726853,0.25233242,0.82867616,4.9938946,0.72014034,0.5755152,0.5503642,0.3769654,3.1351647,0.39900786,2.9678392,2.5425768,0.24830854,0.71871173,0.2681627,0.72403026,2.9101639,0.28254578,0.8605671,2.0562587,0.21428323,0.7107542,0.21931854,0.21874738,0.25073805,0.71466935,0.655822,0.22169548,0.8543346,0.3136023,0.16781509,0.6869027,0.5309915,0.6133557,0.27643308,0.7128286,0.7309164,2.419567,0.19160903,0.84439373,0.11954838,0.58102685,0.25731465,0.7311953,0.2658833,0.86293125,0.2153714,5.030781,0.18541235,0.8091362,0.4961086,0.2165013,0.7326239,5.267537,0.20309108,0.83547056,0.13148597,0.6700348,0.27736554,0.71137875,0.28128168,0.7861105,0.2327886,0.78277266,0.11252617,0.5871833
2024-10-02 19:00:00+00:00,4.966583,0.15127227,0.7139932,0.3295677,0.1725536,0.56400394,0.1936962,0.20021778,0.6687795,0.15857372,0.53741974,0.5894524,4.525968,0.69781315,0.7131283,0.7421963,6.1768613,0.18627447,1.9011945,0.20115441,0.2204622,0.7135721,3.2076695,0.22678101,0.7972944,0.17578056,0.43283564,0.39249223,0.3381279,0.16790462,2.6751149,0.1663203,0.82203877,0.0985102,0.5961995,0.20831141,0.78223044,0.2387945,0.16658959,0.1793051,0.8054375,5.4530582,0.1683448,1.8258367,0.1286012,0.61993027,0.19664875,0.20801127,0.8595522,5.9967637,0.7334037,0.50705785,0.44972396,0.34716982,2.9895155,0.3897248,2.8125136,2.9107764,0.20666999,0.64596593,0.21933916,0.64968884,3.352471,0.2293427,0.7334037,2.733775,0.17294103,0.6149938,0.18187553,0.18138221,0.20295131,0.70136976,0.5560756,0.1945619,1.0565935,0.30242696,0.1408683,0.69850385,0.4901327,0.5560714,0.2654632,0.78589755,0.78964096,2.644912,0.16968268,0.8823851,0.10610374,0.6131623,0.21553361,0.65915513,0.22061768,0.7394922,0.20410457,5.4354496,0.1498628,0.8123374,0.46954507,0.17122844,0.78831893,5.4354496,0.16960981,0.8419855,0.109441414,0.59162974,0.21934757,0.5788237,0.22716656,0.64968884,0.18669224,0.78223044,0.09363427,0.59434104
2024-10-02 20:00:00+00:00,4.575651,0.12081717,0.60376483,0.30269125,0.14237466,0.5051861,0.15682057,0.16511637,0.56429285,0.13036892,0.41780943,0.4994459,4.1791058,0.5984257,0.6042152,0.63515025,5.6783314,0.15331507,1.4845312,0.16312039,0.17582676,0.59553164,3.331809,0.17933074,0.67948574,0.12973014,0.41103065,0.37558588,0.28992227,0.1359517,2.6755166,0.14067903,0.73151386,0.09141018,0.5497189,0.16258508,0.6576527,0.22521603,0.13144237,0.15284592,0.7245191,5.8544903,0.13733566,1.7257074,0.10954879,0.52855664,0.15873873,0.16508344,0.7874623,6.014778,0.72387886,0.47786278,0.396119,0.31591055,2.9457765,0.35886294,2.6974106,2.8494258,0.16258508,0.5017514,0.1760813,0.51253164,3.3628373,0.1772331,0.6118534,2.6020713,0.13978398,0.49336374,0.14959297,0.14874196,0.16677073,0.61652285,0.46148103,0.15431395,0.9473,0.26149866,0.11433926,0.63114375,0.48077416,0.6061345,0.24467781,0.7085034,0.71513695,2.6453137,0.14164442,0.8191066,0.092077985,0.5885671,0.16944939,0.5537345,0.17948624,0.6614596,0.16767839,5.722771,0.12031968,0.7757351,0.41216832,0.13813746,0.70367426,5.7237525,0.13273674,0.7349685,0.09194731,0.49901438,0.17233968,0.49139827,0.17610613,0.5550503,0.15331435,0.68971545,0.09222308,0.5793765
2024-10-02 21:00:00+00:00,3.6370955,0.107692264,0.49530602,0.29191974,0.12362054,0.4372766,0.13273743,0.14274278,0.5393641,0.113270946,0.38477272,0.4269535,3.9840732,0.5462639,0.5686598,0.5507867,4.6555343,0.1276271,1.1945728,0.13337815,0.14672396,0.46481866,2.7551534,0.14410704,0.5368039,0.11972236,0.36113292,0.32371172,0.26550284,0.11914876,2.3440282,0.11882509,0.6681292,0.091139734,0.48197037,0.13292924,0.5385197,0.20441046,0.117205255,0.12590423,0.5868463,5.287689,0.118986055,1.4125952,0.09786145,0.50973415,0.1307402,0.13473925,0.5837867,5.287689,0.5968588,0.43301004,0.35807803,0.32338706,2.9528058,0.3353382,2.7486937,2.7551534,0.1289083,0.41939634,0.14129856,0.43283182,3.3675005,0.1464051,0.5396751,2.7599518,0.11678892,0.4194963,0.12405096,0.12515515,0.1327698,0.49227148,0.40058738,0.12802634,0.6974851,0.24975163,0.10637366,0.5741648,0.4217884,0.49914154,0.23009449,0.69057465,0.6514853,2.671089,0.12786773,0.7451454,0.09180754,0.5382465,0.14548704,0.44341218,0.14286536,0.5411896,0.12624592,4.879593,0.112776086,0.61291754,0.38056147,0.11841132,0.55893415,5.260474,0.1171059,0.61688626,0.09246323,0.46301603,0.14013907,0.41657567,0.13869715,0.4843939,0.12786618,0.6493033,0.09195263,0.49895042
2024-10-02 22:00:00+00:00,3.5825205,0.10427063,0.46317425,0.27695033,0.11261274,0.34891227,0.11888171,0.12161545,0.4600903,0.10826797,0.31835607,0.3542911,3.3809528,0.49164525,0.55431354,0.46938655,3.9442968,0.11807271,1.0589442,0.11739617,0.12846527,0.38029197,2.2650788,0.12404315,0.47235945,0.108785786,0.33927324,0.30197915,0.2572414,0.11049452,2.1693156,0.108785786,0.58603305,0.08756705,0.4529656,0.116884016,0.47517732,0.19070232,0.10634944,0.11529195,0.49625555,4.620668,0.10611905,1.16927,0.09121026,0.4194778,0.11764138,0.119706236,0.48098877,4.620668,0.50874853,0.40615568,0.32708618,0.31645957,2.963309,0.3225995,2.5929449,2.22727,0.11600588,0.34700766,0.12184069,0.350023,2.9903042,0.11995915,0.46669433,2.4706357,0.10550168,0.35425815,0.11298866,0.11430959,0.11779687,0.36551508,0.33236125,0.118471935,0.55921066,0.23451158,0.0976991,0.45748624,0.3734775,0.45592824,0.22063187,0.512501,0.52175343,2.2074301,0.11174334,0.6225557,0.089465596,0.42483017,0.122110665,0.37971744,0.11934725,0.47526643,0.11417891,4.220406,0.10781099,0.56018674,0.37381038,0.10692547,0.47429797,4.30775,0.10573751,0.5389061,0.09050719,0.404972,0.120383166,0.34173265,0.118324645,0.41086432,0.11303213,0.5398822,0.08961069,0.4164255
2024-10-02 23:00:00+00:00,3.3203332,0.09899194,0.44007316,0.29584518,0.112318695,0.3383266,0.11028664,0.112381555,0.41250673,0.105683476,0.3179554,0.35260025,3.113148,0.47401646,0.54089546,0.4442589,3.6408908,0.11246954,1.039101,0.10864124,0.12323778,0.35048875,2.1237094,0.11571184,0.45429215,0.105381235,0.32664242,0.30798975,0.26532963,0.11020047,1.9460697,0.105381235,0.53664255,0.086876534,0.43425485,0.10754235,0.45142356,0.20322305,0.10543141,0.11020846,0.44122002,4.1204824,0.099428646,1.0779624,0.09188416,0.3644224,0.10864124,0.11059954,0.489899,4.1204824,0.4831542,0.38447276,0.32610652,0.28538057,2.6267056,0.31957486,2.5391002,2.06964,0.11059954,0.32664242,0.11193135,0.32664242,2.6673918,0.11059954,0.44832233,2.0013766,0.10568254,0.33829364,0.10703134,0.107237004,0.11208683,0.3247296,0.3087943,0.11169918,0.5438242,0.23268807,0.098372996,0.428243,0.33861247,0.4355395,0.21112111,0.46621194,0.48082986,2.1731195,0.11049122,0.60391855,0.08949994,0.38161847,0.113051966,0.3490601,0.10866011,0.42660174,0.10618766,3.9091344,0.10516806,0.53851426,0.3581272,0.10710633,0.44122002,4.0327387,0.10591836,0.5246353,0.090541534,0.36351302,0.11432245,0.31792244,0.10852943,0.37198582,0.105975926,0.5118909,0.089645036,0.41673574
