measured_at,group_id,consumption,yhat_lower,yhat_upper
2024-10-01,28,4032.5231308266298,3716.6064848615288,4312.621766816374
2024-11-01,28,5189.885838100499,4886.606867472592,5504.308747304711
2024-12-01,28,6232.594674443881,5933.866770872824,6536.475455092304
2025-01-01,28,6300.925744053693,6018.226351958159,6618.749284413097
2025-02-01,28,6241.333537551083,5941.070268860499,6511.507049931953
2025-03-01,28,5448.12546866917,5156.486952460079,5744.566977377141
2025-04-01,28,4362.427847444143,4067.4512418014237,4680.100653434276
2025-05-01,28,3954.7771647927275,3663.0630710217497,4248.787993404832
2025-06-01,28,3527.5601254146777,3239.2841955028543,3849.2566217679337
2025-07-01,28,2378.3718876422677,2093.0440445139825,2692.328591366443
2025-08-01,28,3080.979839584806,2779.3175300944076,3417.1715971590493
2025-09-01,28,2985.4504307799702,2639.5332947999327,3313.309904759713
2024-10-01,29,131.27558373584972,124.94309857488665,137.7865434007433
2024-11-01,29,125.88552624393174,118.9341591051188,132.4361308614782
2024-12-01,29,136.21119492534095,129.62052918879974,142.8123787307039
2025-01-01,29,138.48688327183626,131.38765964444153,145.20754978916924
2025-02-01,29,124.6280559292535,117.02939450289624,131.5359799296487
2025-03-01,29,124.18149936956105,117.16872396080367,131.26950979242875
2025-04-01,29,124.15198193088467,117.72526708579824,130.87957552059964
2025-05-01,29,137.73292690472184,130.74024739957662,144.83589450417568
2025-06-01,29,136.439944989293,129.82642972988106,143.50106870165695
2025-07-01,29,127.63681552684446,120.3093051382163,134.58927690938117
2025-08-01,29,127.98785422850278,120.41631257596747,135.52612084141094
2025-09-01,29,120.84452281622907,113.1153925861957,128.82282994538124
2024-10-01,30,650.0666378249572,586.4067335228723,712.0236644452879
2024-11-01,30,805.9633854345407,740.9237658273609,867.435095998164
2024-12-01,30,1046.9334739249678,988.9078500317955,1107.803249091706
2025-01-01,30,1024.3005044709353,963.8343766258542,1087.697252055201
2025-02-01,30,1020.2563213680812,956.1079953822228,1080.3813090776
2025-03-01,30,861.7230216219846,797.3419935586801,925.5604066170902
2025-04-01,30,689.1087561671533,625.071341911784,749.9271796398913
2025-05-01,30,648.4969636116581,582.8035397312165,711.6717737176604
2025-06-01,30,605.0987921517008,541.1335670626195,668.8726102539316
2025-07-01,30,430.84158849082945,363.302861021193,495.4777809167027
2025-08-01,30,535.4731171204942,466.83957297127654,598.3493432767244
2025-09-01,30,494.004688573964,428.9052859992515,556.5639038938658
2024-10-01,36,235.56374001773983,211.51407334415762,259.0298343613429
2024-11-01,36,290.4009173787589,265.3876924574886,313.29881372955305
2024-12-01,36,476.2324187187387,452.32246916187745,501.37617546940317
2025-01-01,36,430.8950620931819,407.57424557655935,455.9730931400097
2025-02-01,36,414.02099569336355,389.7031758380191,439.26484054903574
2025-03-01,36,323.8521352953299,299.4734325335913,350.4119654215151
2025-04-01,36,258.2916218185124,233.6418897037372,283.29792881133756
2025-05-01,36,197.6016748523225,174.31603786791902,220.52687042779067
2025-06-01,36,150.36905052236602,125.34296310999311,175.22193002829772
2025-07-01,36,165.6930249546776,142.52330797293175,189.6965460661219
2025-08-01,36,178.64673352914394,155.05832763192936,202.9176825637895
2025-09-01,36,166.77880314586588,144.05172340436488,191.21003850654446
2024-10-01,37,144.88058070039074,141.09258844771892,148.95991043725982
2024-11-01,37,146.53653840116402,142.57058233188667,150.33811528945984
2024-12-01,37,171.83483021612344,167.77041489137088,175.56524107422618
2025-01-01,37,173.47979141830484,169.52421865133002,177.42674713014736
2025-02-01,37,151.7044537911532,147.78327205706512,155.75849709506628
2025-03-01,37,152.89147973617952,148.78995233423618,156.8747548037754
2025-04-01,37,141.19226150541408,137.254491436397,145.30142511439712
2025-05-01,37,139.34886984263522,135.17768427806868,143.362003171923
2025-06-01,37,132.8706153705689,128.49017991430466,137.12658909686942
2025-07-01,37,141.81028789272776,137.01357068081333,146.11193244452548
2025-08-01,37,138.34839741725563,133.3882240985487,142.86804082078618
2025-09-01,37,134.9170729162329,129.8970303395965,139.3882887663099
2024-10-01,38,494.24540706563073,471.7179640188394,516.4139826822573
2024-11-01,38,585.1667377967563,562.2178332556218,606.9596820470483
2024-12-01,38,760.5020552908916,738.2933736723351,783.5962742536797
2025-01-01,38,743.1105775062049,721.6001428685776,766.0004785113713
2025-02-01,38,698.3749049158198,675.7459988572443,720.8442118790545
2025-03-01,38,614.2571295125532,590.8935267311441,636.2850249698703
2025-04-01,38,502.64265639569237,479.0229705251721,525.2619810242297
2025-05-01,38,459.8833727843466,437.8013443786083,484.0162827838671
2025-06-01,38,401.5268724699396,377.9913865989677,425.6599152492219
2025-07-01,38,332.22648553683723,307.96320519661396,354.05833038251416
2025-08-01,38,380.8509998088451,356.95858017171196,403.2828885775844
2025-09-01,38,382.50441521564574,359.71335478903814,406.9636319860389
2024-10-01,39,153.45259992038757,150.48004856506748,156.5059037645691
2024-11-01,39,160.95787837809993,157.91126106386778,164.01111451206583
2024-12-01,39,159.12750213447387,155.7492651007578,162.03318229100756
2025-01-01,39,174.54260102187857,171.2421844937697,177.67228032366378
2025-02-01,39,152.5110596658918,149.33604559423014,155.5706941271317
2025-03-01,39,158.18812324039078,155.11820657718874,161.13853584830392
2025-04-01,39,144.0763381846416,140.72542486013754,147.42991724195676
2025-05-01,39,142.87200355232207,139.48943336906564,145.92744233438097
2025-06-01,39,135.75918543529409,132.4263891708486,139.24147905426977
2025-07-01,39,138.97900569861508,135.79012231997993,142.55023876767157
2025-08-01,39,137.70104660504538,134.26291387541255,141.33912135839503
2025-09-01,39,139.23578317255624,135.77112467812256,142.69591728320935
2024-10-01,40,149.07398812057056,145.0317487591993,153.1153284643892
2024-11-01,40,154.1389753154218,150.29636086384085,158.080639177597
2024-12-01,40,166.7342313651007,162.88747340439323,170.71148897531074
2025-01-01,40,168.39056384505906,164.6398882881028,172.27361062316345
2025-02-01,40,147.79844639257993,143.9496727626043,151.6246485515448
2025-03-01,40,153.01273554545233,149.16949832381425,156.98315321250791
2025-04-01,40,137.25482707694775,133.36839139775034,141.18252159639266
2025-05-01,40,136.61844772485702,132.54802106933042,140.2333620886321
2025-06-01,40,129.9691109828638,125.91831999934125,134.17985352797055
2025-07-01,40,131.7439189038787,127.51536402706628,136.0081462896962
2025-08-01,40,130.01398257109872,125.81186856966681,134.19659358391542
2025-09-01,40,132.3262787851355,127.75511334123252,136.4933242195831
2024-10-01,41,583.3207091737335,554.748168173003,610.6009450241991
2024-11-01,41,704.8596420886165,677.6864403852774,733.5812077329903
2024-12-01,41,775.9865955561037,745.6275542983394,802.2213261431
2025-01-01,41,781.9304034697823,751.4533923020314,807.9064212355698
2025-02-01,41,755.9573837673097,729.9803946783948,784.5789734026662
2025-03-01,41,675.6986044064673,647.79131528728,702.2486566680793
2025-04-01,41,560.5584078459271,530.1801229739659,588.9253806122229
2025-05-01,41,535.6747327124283,508.7336712383526,564.1334725551401
2025-06-01,41,484.1859485826834,456.8198830270666,512.686134957317
2025-07-01,41,377.1195346742453,349.48155230715673,407.7332431771932
2025-08-01,41,444.8867705760519,417.34255063572425,475.53809375676684
2025-09-01,41,442.61482300464127,414.0677031754552,474.9623888835262
2024-10-01,42,125.38760561116958,120.67780565048767,129.658947139027
2024-11-01,42,125.43431635815568,120.66176049815185,130.20512718388053
2024-12-01,42,144.17391507925686,139.76204680182497,148.84909376345018
2025-01-01,42,147.58070932205183,142.91392162589267,152.4160855309029
2025-02-01,42,127.17081298351897,122.39880378415198,131.53799913239772
2025-03-01,42,127.6196588596705,122.41379696033732,132.3014048217867
2025-04-01,42,117.09511656597371,112.61505218468636,122.15961870889832
2025-05-01,42,117.47449815871542,112.67622316909302,122.59787734732751
2025-06-01,42,113.17804178508561,108.01307410703205,118.32155254390966
2025-07-01,42,119.9297367557904,114.98579751665528,125.05970497565039
2025-08-01,42,119.08860065172108,113.4169172674347,124.43120671949076
2025-09-01,42,114.10094469510955,108.72911205534577,120.08713170698445
2024-10-01,43,324.28670292716356,278.30418803515454,367.4663219557522
2024-11-01,43,376.7348558239047,332.72102370125117,420.9325927509308
2024-12-01,43,613.9657580232084,567.9824816845552,661.1416048448414
2025-01-01,43,557.5286338806054,510.99557423294914,605.4132820289069
2025-02-01,43,500.26406133325185,456.08814796879636,544.822498843027
2025-03-01,43,435.2962025817458,388.7969872389357,480.4921268346592
2025-04-01,43,382.8322903752466,338.58838398644195,430.1934383302638
2025-05-01,43,330.97234634404066,288.5816570829802,378.2438634650518
2025-06-01,43,281.88230309023277,236.572691612838,330.61417642646813
2025-07-01,43,301.99754192069605,257.13948328651543,352.0580230593971
2025-08-01,43,315.70902300559936,270.34782890022467,362.64188081412215
2025-09-01,43,299.2050339023407,252.20785800520318,343.20882508765794
2024-10-01,73,697.098191569307,643.0608822592833,751.7241019315093
2024-11-01,73,783.8879448449427,730.7400079532468,838.1196615337122
2024-12-01,73,582.6514525147161,531.5550812552549,635.0789712827896
2025-01-01,73,678.3229945426409,625.7248728041687,730.666687228893
2025-02-01,73,674.5434261371488,621.9284983238687,727.2432266783036
2025-03-01,73,695.208258315434,637.7523581585351,751.3306863213745
2025-04-01,73,572.1613028702365,519.323637578549,623.9991490470635
2025-05-01,73,586.2496837950798,532.7602577559101,641.6731937590508
2025-06-01,73,546.2903318114536,493.3222448106814,602.1168098925664
2025-07-01,73,403.84827119852537,349.606918544031,455.13887174107566
2025-08-01,73,488.9518376696073,436.51666154668493,545.2407950747807
2025-09-01,73,470.84148586873107,416.80001460083747,523.0903664142991
2024-10-01,74,3772.3522679707203,3471.2195838084785,4069.393584222256
2024-11-01,74,4796.927506537745,4481.403152937944,5114.012088661433
2024-12-01,74,5517.261605946987,5204.226246456066,5830.509694532102
2025-01-01,74,5939.529591294906,5623.0450840670655,6248.240583573281
2025-02-01,74,5810.176021859415,5501.12089011786,6100.4313754240575
2025-03-01,74,4948.357720642313,4618.844083511198,5270.273391373137
2025-04-01,74,3955.316444194956,3645.2769523131365,4276.928357243463
2025-05-01,74,3636.4523996836906,3340.1592094900684,3978.304133231223
2025-06-01,74,3075.7085899592394,2764.0164070393284,3402.617604985242
2025-07-01,74,1972.2451767695716,1630.3545807138194,2255.4383094822433
2025-08-01,74,2711.238987943999,2371.3014988745504,3041.3196252867806
2025-09-01,74,2625.288640274196,2301.271726429633,2958.7695406111643
2024-10-01,76,758.7283230305213,696.2678314624625,826.611205631294
2024-11-01,76,924.8258723287528,861.2380404460285,985.7726930128017
2024-12-01,76,1057.7823586854038,989.8219489915857,1125.3722159650786
2025-01-01,76,1156.163643625017,1085.3459990823,1224.9635255708665
2025-02-01,76,1146.5266299063994,1078.467107455604,1214.5941193162357
2025-03-01,76,939.3532159207991,874.1561214145634,1003.4060159001953
2025-04-01,76,757.4173714806593,689.7666655321069,821.8235286283361
2025-05-01,76,712.0177280302166,649.3186687997053,775.6160357358171
2025-06-01,76,642.6982611159218,577.7529314007364,709.8781669438297
2025-07-01,76,455.7580714204161,388.8351983088816,522.0191769952038
2025-08-01,76,576.7609731173329,504.63213639999066,649.3976010653516
2025-09-01,76,527.2412372413216,453.71516237018574,599.1591220023234
2024-10-01,116,711.0670315068355,658.1097394129255,765.7656024675413
2024-11-01,116,893.9949143051363,836.8015933909454,944.0139133636436
2024-12-01,116,1009.0707050938533,953.3651563019214,1060.7013057540885
2025-01-01,116,1044.4303553898412,990.4170414272863,1098.3344859415422
2025-02-01,116,1028.8116120134246,977.9201543596541,1085.1064406178193
2025-03-01,116,879.0432614320345,824.7157325499485,936.2323076822167
2025-04-01,116,697.5363479958016,642.048582961484,749.565102283037
2025-05-01,116,663.96017583534,605.180002726798,716.9768449511033
2025-06-01,116,604.4869546231458,550.8639791563465,662.5529799470162
2025-07-01,116,399.0251184627655,342.9403124048941,452.3142373136686
2025-08-01,116,524.6761377734778,467.4397789573469,581.2807256728659
2025-09-01,116,500.2101622233715,445.32396181926646,557.2549216880658
2024-10-01,149,819.0394619057761,740.2084090652705,897.1255889375556
2024-11-01,149,903.3213872162921,822.6365939127352,987.5334959933658
2024-12-01,149,644.8588718150729,568.4301465377907,719.1449974539612
2025-01-01,149,794.6384535220182,714.9434376629847,874.2611115040438
2025-02-01,149,774.1075673635672,697.0513670817096,854.2284174973238
2025-03-01,149,807.51220045801,724.75022977945,885.9169271540687
2025-04-01,149,643.8629979263832,566.2547064451904,718.2073721870211
2025-05-01,149,647.394252011429,568.2687342203141,721.6581471436078
2025-06-01,149,589.3071029321919,510.511059301512,663.639088312512
2025-07-01,149,382.20882539076143,306.8191320536892,459.8634246513128
2025-08-01,149,504.4602998684637,422.66460139943166,579.7164375568625
2025-09-01,149,505.7042196346281,427.7664976056928,584.3714639056499
2024-10-01,150,4425.471605706637,4090.3660555204756,4739.124323253745
2024-11-01,150,5723.104635353615,5416.37114009152,6058.750605138016
2024-12-01,150,6391.909709326426,6061.130305131128,6712.876373183368
2025-01-01,150,6829.5865476388435,6524.8100439048285,7162.772428828772
2025-02-01,150,6351.172220754577,6039.577169186679,6688.810208685451
2025-03-01,150,5580.173988235294,5250.281683893678,5907.6111237172845
2025-04-01,150,4454.788640853029,4125.721640759046,4783.762019361829
2025-05-01,150,3979.4169116274006,3663.5627002889687,4321.905225126528
2025-06-01,150,3225.311403353915,2893.584225938613,3543.7343506402835
2025-07-01,150,2155.5044895631377,1805.6015376756156,2501.6151101514074
2025-08-01,150,2899.482728086124,2583.5665400053213,3273.163295857676
2025-09-01,150,3126.7648861407724,2760.6882070158254,3459.534285074729
2024-10-01,151,100.01478987439243,87.83090339675647,112.81979667276269
2024-11-01,151,100.35729926199052,87.43187507793928,112.96899001383117
2024-12-01,151,132.0034712687879,119.72862572261337,144.35603510474718
2025-01-01,151,161.8596613021127,148.81235840505502,174.04071735045602
2025-02-01,151,141.18660128174818,129.7202842473685,153.88284829075013
2025-03-01,151,127.38601335268757,114.91290175145107,141.12702622472278
2025-04-01,151,117.1642683942975,105.21377546351663,129.53269888861254
2025-05-01,151,108.25159916972298,95.11716564687565,121.47659245995291
2025-06-01,151,105.35215458407124,92.18554542209178,117.9411297505138
2025-07-01,151,114.04947544671637,101.15608966582708,126.63074291012589
2025-08-01,151,116.8328487379288,103.76837096551405,130.03131208187423
2025-09-01,151,113.18098760856437,100.58525266879522,125.8595733990112
2024-10-01,152,1318.6117266480944,1221.3345791831775,1402.8374694056129
2024-11-01,152,1743.2937074596334,1650.0005562390886,1844.7914666538968
2024-12-01,152,2033.2673275029092,1941.4891092369548,2129.803835487056
2025-01-01,152,2079.516514506237,1993.9270298959402,2178.1318736281437
2025-02-01,152,1919.2005897891218,1822.2582677833414,2017.4303224146217
2025-03-01,152,1699.7455360296253,1601.6911315014302,1789.6521446806278
2025-04-01,152,1350.991282635945,1251.9183493627795,1450.864203295492
2025-05-01,152,1208.542958061742,1111.3809582562828,1309.3857292323855
2025-06-01,152,1035.5764594270402,939.8388687108177,1135.2286484062374
2025-07-01,152,750.3678145178147,648.5321112425177,851.2213509082039
2025-08-01,152,936.795688636546,839.0451105526865,1038.6891358178773
2025-09-01,152,1000.4100358082044,901.1812084417077,1102.9441336343323
2024-10-01,157,148.4421171153456,142.2991338026589,154.47299552620214
2024-11-01,157,155.3892783153327,149.3132826639939,161.60574739880084
2024-12-01,157,168.0860355090479,161.9075823199941,173.70938513900074
2025-01-01,157,176.9390078133422,170.9841634188835,183.33805678841964
2025-02-01,157,151.89252845829284,145.5647796813752,157.71621680256638
2025-03-01,157,159.99625266609686,153.81817329706982,166.31211385327288
2025-04-01,157,138.886419689928,133.01749586053631,145.22710509838063
2025-05-01,157,140.92640361637865,134.3661241176796,147.3314243755877
2025-06-01,157,128.31133801555933,121.76971945606513,134.96827744232485
2025-07-01,157,121.53629654055945,115.28778707217613,128.4476689489836
2025-08-01,157,129.57577922706682,122.58290549470765,136.39328102295016
2025-09-01,157,129.89250719629675,123.08126699044523,136.40740984495272
2024-10-01,196,159.10064475661707,155.5479231645629,162.89001362066986
2024-11-01,196,171.57229692627052,168.03515409096565,175.2195839644286
2024-12-01,196,176.810527640867,173.1145223068116,180.49769537108125
2025-01-01,196,196.70874654333238,193.11290551440135,200.37972070072905
2025-02-01,196,176.52572540682365,172.97889255812922,180.39468176907297
2025-03-01,196,169.03172012979155,165.37996818023592,172.80862809423778
2025-04-01,196,153.84321236461105,149.8411981225163,157.66816547634858
2025-05-01,196,152.41421460019015,148.83383588517938,155.99746720622733
2025-06-01,196,138.0874498444685,134.41132599871943,141.79908818301172
2025-07-01,196,131.860239327901,128.2763803760523,135.7855310347207
2025-08-01,196,140.7671517270579,136.75335672751413,144.44537007385216
2025-09-01,196,141.44881032208377,137.72006862364466,145.34751081689814
2024-10-01,197,543.6008812974901,526.3335314874867,561.894866869261
2024-11-01,197,589.8904369872092,572.3557033004429,607.6360132841545
2024-12-01,197,551.2377330933851,534.1069291427391,570.1389446241403
2025-01-01,197,618.9573288844456,600.8844202852238,637.1233880439017
2025-02-01,197,583.264845237244,565.92833525275,601.9865854247015
2025-03-01,197,578.8083977648162,560.4600069756707,596.7223434418427
2025-04-01,197,508.8993920819424,491.0950305182464,528.2849551700791
2025-05-01,197,501.68699023518155,483.796037368439,520.627847372826
2025-06-01,197,454.5147000890221,435.9307913466142,473.343789579249
2025-07-01,197,383.962392414854,366.47807575539696,403.2889822297803
2025-08-01,197,442.59426376744045,424.4385450980588,461.37441757027545
2025-09-01,197,447.67330212886327,428.6865773092024,467.19473495147025
2024-10-01,198,2093.4515492570636,1947.905621899603,2232.9463632003485
2024-11-01,198,2813.3625632971853,2679.762872312491,2955.6884346463776
2024-12-01,198,2894.2547128044944,2753.780994430935,3045.592653735791
2025-01-01,198,3237.6216380251135,3097.7785640104366,3374.140149992132
2025-02-01,198,3145.09705958052,2995.0985897480805,3278.0632416022795
2025-03-01,198,2664.6502540849565,2527.2022127491036,2809.469015834194
2025-04-01,198,2178.9389548123945,2037.3792642836581,2321.02503312006
2025-05-01,198,1997.0482645155691,1846.4439907111728,2139.9294906297846
2025-06-01,198,1655.978792917689,1510.9183669891097,1799.202272053229
2025-07-01,198,1108.3150353619828,966.352457438856,1257.2565022413241
2025-08-01,198,1519.9341942531314,1370.336315097315,1680.2153053276065
2025-09-01,198,1518.928924843472,1370.1325088567314,1666.3631834929793
2024-10-01,199,154.6584944283793,148.37935976068619,160.61962575403993
2024-11-01,199,164.27506035839053,158.45053192761264,170.31681149404488
2024-12-01,199,166.77523072481452,160.36031364030976,172.39330948826685
2025-01-01,199,182.06056981388468,176.0051477726635,187.7515678575196
2025-02-01,199,157.3484926916447,151.35044101383193,163.6715021472328
2025-03-01,199,157.85177279155928,151.82218762329117,163.77370771154662
2025-04-01,199,141.2744704878378,134.8200860465675,147.2002452742977
2025-05-01,199,143.5804731784166,137.52019730653868,149.6839175114513
2025-06-01,199,133.0968053367895,126.62929334835181,139.54513647759475
2025-07-01,199,122.70138232449398,116.18727487207401,129.1422051525902
2025-08-01,199,133.69843732734353,126.85131783702921,140.1793815594533
2025-09-01,199,133.68494614411688,127.49949875148711,140.5285724213527
2024-10-01,200,527.0229672917047,504.3932461626774,548.6074447582395
2024-11-01,200,632.6390144504472,609.7391734258842,654.8549211525972
2024-12-01,200,671.1087289159975,648.7829500326019,695.197645172423
2025-01-01,200,713.2692709384507,691.2720886054142,736.8153274756436
2025-02-01,200,649.3214301223793,625.1405485647816,670.8547739965528
2025-03-01,200,599.3335505646487,575.0655449014344,622.6027097512105
2025-04-01,200,518.1432866832714,496.13134030499026,541.36719087609
2025-05-01,200,508.9048816807572,483.6040432136976,534.3333270944646
2025-06-01,200,455.635271051396,431.0215476649453,480.6165947659734
2025-07-01,200,372.5042640680017,348.18200662789525,397.28280129939924
2025-08-01,200,438.62462124337986,415.07114482043613,464.7239657811937
2025-09-01,200,437.7243151892808,411.9035655228216,463.9449941974881
2024-10-01,201,113.32353251763442,104.6578143917865,123.21167098178388
2024-11-01,201,112.50978744053991,103.77368553919543,122.18674866760144
2024-12-01,201,128.49352312665897,119.73277332797325,137.84491908665046
2025-01-01,201,142.63582343073975,133.11695840750875,151.24235082477685
2025-02-01,201,122.96126242245515,114.28352164280017,132.60110886143963
2025-03-01,201,117.73054540084568,109.13357659517462,126.80806443777253
2025-04-01,201,105.85045517759909,96.47797759548423,114.59511744089089
2025-05-01,201,105.87503292899001,97.2111908366484,115.11891109980724
2025-06-01,201,97.17318485941455,88.0375922549967,106.02336390988138
2025-07-01,201,103.40350679929642,94.43251973622301,112.9139272101164
2025-08-01,201,103.82643025089648,94.56500979361667,112.44699377466203
2025-09-01,201,101.46595151081887,91.83085750114213,110.72360577781622
2024-10-01,213,495.057855085286,465.6323301187384,524.1103036964458
2024-11-01,213,732.9899782741951,701.6573167887684,763.6643862554594
2024-12-01,213,868.2674622184658,838.1486324910653,897.9785228122407
2025-01-01,213,874.7218012226654,845.5193704385966,905.9367791708962
2025-02-01,213,850.5187289589423,820.0993419701986,880.444464632245
2025-03-01,213,691.3479129958866,660.8149443714132,720.9269677857292
2025-04-01,213,525.6178842499188,494.4809824953464,555.6204504901679
2025-05-01,213,426.5535188300632,396.40575442786377,458.3716317641861
2025-06-01,213,353.24175166267594,323.6294093418858,383.16904135135746
2025-07-01,213,253.23111871531734,222.43869721184151,281.38927597870685
2025-08-01,213,348.9306749302481,319.0759237834189,379.9459893538748
2025-09-01,213,362.2223832051251,329.99121684192403,392.3665618376213
2024-10-01,222,531.9304618157649,483.4998907283504,585.1546120431867
2024-11-01,222,625.7928520540415,569.780710094853,670.468469211269
2024-12-01,222,648.6897574845815,597.6549009433223,695.7127304505536
2025-01-01,222,609.1069198931144,564.1225841550989,658.176333850097
2025-02-01,222,610.4811625785328,561.1883151140149,662.913550779719
2025-03-01,222,533.4287110259147,480.97452086575777,582.221085848091
2025-04-01,222,415.2724370867505,364.49802961605496,467.1970081778802
2025-05-01,222,423.9176825390401,375.3876007163725,472.93937718483886
2025-06-01,222,418.3876620526937,368.90297800609767,476.3679116741289
2025-07-01,222,234.12082702361764,186.86090217612178,286.47778999314147
2025-08-01,222,337.22013551694477,289.3254521465122,388.82601884036416
2025-09-01,222,342.0363642715657,284.4795440728665,396.8474007741839
2024-10-01,225,245.81253202216806,194.49005897363872,295.10763857170076
2024-11-01,225,318.5143588126337,266.65380668767375,371.21336230528493
2024-12-01,225,513.0746050495967,461.9223706341575,566.9518272603244
2025-01-01,225,440.32086624987187,387.6005303646987,492.5793515087927
2025-02-01,225,368.2302061684774,316.1208165060148,420.0805446936323
2025-03-01,225,309.5454925341954,258.38611684017593,360.83585343080125
2025-04-01,225,225.72406053310743,175.92474387311168,272.8828912926848
2025-05-01,225,141.11363153647986,86.55406450730905,194.856213002141
2025-06-01,225,82.93487306146883,33.85024273802474,137.124863204895
2025-07-01,225,92.71844240678527,44.78879516131809,141.2833145660991
2025-08-01,225,121.28620588264914,66.64223440270816,174.98588425512398
2025-09-01,225,158.6965634155832,108.54016263284728,212.89679526736364
2024-10-01,231,145.66251834183444,141.11663780927557,150.0306554003037
2024-11-01,231,159.94730862470297,155.40607734535473,164.2629797098624
2024-12-01,231,157.85928700521433,153.23685976330526,162.05228429822643
2025-01-01,231,174.75198025888403,170.18104123333555,179.0910778798268
2025-02-01,231,148.74298785671945,143.93236573105685,153.0353465831724
2025-03-01,231,150.45319290290223,145.96933016123964,155.33668967887706
2025-04-01,231,122.21832864031468,117.78459333884163,127.14294068068888
2025-05-01,231,122.45572778107825,117.58179929429139,127.03541116693063
2025-06-01,231,115.28734310334069,110.63315472241956,120.05132349802945
2025-07-01,231,98.44813484119949,93.99246749169806,103.09496540040423
2025-08-01,231,104.78770472599275,100.06178938749332,109.63082606848229
2025-09-01,231,105.86733350897921,100.96807789412605,110.87544073405208
2024-10-01,233,2052.6958183846486,1886.2613911524325,2209.415381457142
2024-11-01,233,2667.4155402853735,2506.933953652203,2826.008928330815
2024-12-01,233,2922.117115696642,2764.0273130513,3085.638373182057
2025-01-01,233,3263.0320281374325,3104.5145835906364,3432.631368704242
2025-02-01,233,3107.7237060158004,2961.458495078312,3257.8664522862855
2025-03-01,233,2686.7796248412096,2527.577127964464,2840.0899995778605
2025-04-01,233,2181.1387686701964,2009.2109741336126,2333.759323682219
2025-05-01,233,1958.8967602951748,1801.9414819967537,2122.2949180021315
2025-06-01,233,1656.2977046362946,1485.4984653630017,1828.686225377225
2025-07-01,233,1110.5712852994316,949.3560075617208,1271.779933462857
2025-08-01,233,1495.3285986914025,1344.5779426123327,1662.4221541015652
2025-09-01,233,1506.1654827625123,1342.6797565504119,1674.1501304453648
2024-10-01,234,126.96338156115446,115.23358702698611,138.8959594848638
2024-11-01,234,126.5762320711022,114.37841863879676,138.705746386738
2024-12-01,234,158.69231175544184,146.65095738514796,169.82362285035055
2025-01-01,234,159.87696742557208,147.67200296381148,171.68304006528572
2025-02-01,234,155.6774895695538,144.42866654564745,167.7394110895963
2025-03-01,234,143.42197068468133,130.700377884199,156.05645145074723
2025-04-01,234,121.27735653241486,109.53220150952086,132.78605950914212
2025-05-01,234,121.44878089367923,109.37560234908801,133.36312234351453
2025-06-01,234,125.26730274747011,112.76025825631872,137.19813379779484
2025-07-01,234,117.10928891586661,105.11402645876072,128.62362780328016
2025-08-01,234,125.24832636307563,113.24925122411018,138.0220744929078
2025-09-01,234,117.93843509146248,105.09225650933409,130.0464591185423
2024-10-01,235,692.3344384647131,630.2995251697591,750.5715339086541
2024-11-01,235,886.6163141203565,828.7863499492321,942.9079736983039
2024-12-01,235,1021.9892965061831,966.3253537112299,1077.0940642375454
2025-01-01,235,1112.59579904709,1049.3521718180243,1172.9835235461976
2025-02-01,235,1049.1226722512756,990.7768235446584,1109.059825395588
2025-03-01,235,896.4288289994033,834.3813209897462,956.9941100452002
2025-04-01,235,724.559564140031,665.3196958930645,789.8343936938015
2025-05-01,235,661.1395414526049,601.6014862333697,720.868430902308
2025-06-01,235,587.1327192590555,525.0208099336799,649.4945600905785
2025-07-01,235,426.6685477360782,368.04979663365566,489.950480609295
2025-08-01,235,539.3424846271078,474.8157894663673,603.3911507408346
2025-09-01,235,527.1128217059156,462.5674787175619,588.556170293291
2024-10-01,237,65.08650800154888,53.69783271554015,77.59910855607416
2024-11-01,237,41.944757480404945,30.564951984580958,53.36567292100944
2024-12-01,237,74.7131374224144,63.302902026387045,86.66148678542628
2025-01-01,237,81.82405522305338,69.9800263379659,93.7005353041388
2025-02-01,237,67.79895446093813,56.26961065010605,79.28998839334444
2025-03-01,237,61.63403967860527,50.13659172324955,73.82351431842191
2025-04-01,237,52.59594698008325,40.166396385804326,64.21777064834293
2025-05-01,237,49.09909550403138,37.46913662365232,60.4012739312063
2025-06-01,237,55.566942769645266,43.667361958220326,66.7759071953434
2025-07-01,237,68.28965335202015,56.46418716427599,80.22386693844507
2025-08-01,237,63.92624990050548,50.55105439116861,76.565804809078
2025-09-01,237,59.59458096628971,46.423316334487616,71.60526644473053
2024-10-01,238,420.41261034570425,356.82185536802905,479.7009630776648
2024-11-01,238,565.9355814627186,503.68805882986106,631.5183338902984
2024-12-01,238,865.288344621355,801.7766815192907,927.6467604637425
2025-01-01,238,843.498687378124,780.1017751110268,909.3423377871303
2025-02-01,238,784.2801200580025,724.0108967253146,847.2438993259224
2025-03-01,238,632.092667891666,570.3924276044523,699.2705111629961
2025-04-01,238,495.2538436878762,436.4432269311846,559.9342087688425
2025-05-01,238,401.24049888580345,338.64984839365655,464.2073479110936
2025-06-01,238,319.3497503780844,257.2487420180308,378.897913826058
2025-07-01,238,282.30334618076915,217.8892980653968,346.8616364295987
2025-08-01,238,331.0470145165974,269.4612869570219,397.4126208587176
2025-09-01,238,339.62119969403295,270.0320303985069,404.3882633610133
2024-10-01,270,143.46935087247587,138.0945131355214,148.93647732423526
2024-11-01,270,152.7735434210095,147.6701066801018,158.1553719881065
2024-12-01,270,166.85824781520233,161.94950709767966,171.9247469065394
2025-01-01,270,161.65439384792336,156.33163185911383,166.96041961359714
2025-02-01,270,140.24171522781384,135.0023178167573,145.69371680772636
2025-03-01,270,150.0673292616787,144.5843869329233,155.4412847499713
2025-04-01,270,135.14886412880452,130.00629134538008,140.28023916859001
2025-05-01,270,132.41526934604198,126.90513278582198,138.18040626033383
2025-06-01,270,126.66034550648749,121.13508592741206,132.0916550589478
2025-07-01,270,126.4830222109254,120.85949249470522,131.88904418074276
2025-08-01,270,125.83058790611929,119.80918717845756,131.7189841443638
2025-09-01,270,130.82023657402934,124.7933675822534,137.18992067677257
2024-10-01,271,589.2339325050807,558.9829426924255,620.9637193546797
2024-11-01,271,688.4061396945538,656.6921212122488,720.1957986589028
2024-12-01,271,839.5471198444587,807.8257504044544,868.7787880734685
2025-01-01,271,807.4433576202291,775.0679414928043,837.199570689069
2025-02-01,271,757.202385708704,728.3756725257846,790.3452904768011
2025-03-01,271,712.8007546468903,681.3402559329883,743.4240691086244
2025-04-01,271,590.0643737818617,559.326581693694,622.5186828855796
2025-05-01,271,565.3133673090152,532.6819656658528,600.1943489450144
2025-06-01,271,532.2199675108061,502.10928139937175,568.4727994331865
2025-07-01,271,434.68834151833835,400.28997859419457,466.5046045124938
2025-08-01,271,493.5498289386033,462.7025345601385,529.0204331528429
2025-09-01,271,489.620554240047,454.6366018746977,524.902578013773
2024-10-01,295,159.2574523832085,114.57757011868786,202.50870142220305
2024-11-01,295,213.02898117076063,169.6953569227169,257.0867778767801
2024-12-01,295,342.31929974163,300.1939860482886,385.38557165917115
2025-01-01,295,388.5619097482885,345.3654485836459,427.7726118656454
2025-02-01,295,368.2914506605714,329.4619476223357,412.31968805395655
2025-03-01,295,277.305176931757,235.82130762209331,317.305123380349
2025-04-01,295,197.33062423607637,150.92998187873883,240.71009230033349
2025-05-01,295,138.20350030617396,94.737738551751,181.15605746777982
2025-06-01,295,116.61174555498292,76.27897086976826,160.07019891915357
2025-07-01,295,111.66938049461068,66.65247381816127,152.94986863381925
2025-08-01,295,136.76687136912903,96.46419634920524,181.38261727075778
2025-09-01,295,124.97354850798312,80.30455073204084,168.72070646961674
2024-10-01,298,121.83854589235321,117.16839758989178,126.22656182366465
2024-11-01,298,126.96977844340654,122.2563547609428,131.3553929776744
2024-12-01,298,180.20480643632297,175.42401926607212,185.1539849385764
2025-01-01,298,158.13627372034446,153.11837369126573,162.78106760497275
2025-02-01,298,142.47002759763538,137.84255221213118,147.17565115111847
2025-03-01,298,140.62641786272349,135.68065738030182,145.40230177879783
2025-04-01,298,128.5869878088981,123.57167167805629,133.39051527840425
2025-05-01,298,124.81764565066068,119.89279903163472,129.8973207076442
2025-06-01,298,119.33652071230185,114.66906807496169,124.064997100255
2025-07-01,298,122.90476146724879,118.02075413386649,127.47576606234603
2025-08-01,298,121.39764892431702,116.45252783188288,126.27701609333884
2025-09-01,298,117.82040320864593,113.02921136613598,122.44229249697118
2024-10-01,301,141.79261558855967,139.33282782376224,144.36655667229437
2024-11-01,301,142.7361323379914,140.14831174929122,145.4661831481445
2024-12-01,301,160.23696876304038,157.57273971098033,162.83753833963908
2025-01-01,301,157.20493415556035,154.78462055351537,160.0394772656619
2025-02-01,301,135.48490453516536,132.44248709066525,138.09061471565138
2025-03-01,301,142.5901113564557,139.8260054313656,145.50851671955667
2025-04-01,301,126.39156933600098,123.43673932137658,129.37246085762254
2025-05-01,301,121.91336157801109,118.6492502473556,125.02923055367279
2025-06-01,301,115.24966948609955,111.84756932473205,118.63349454848775
2025-07-01,301,115.8075225510865,112.09688005819774,119.60629798613817
2025-08-01,301,113.95835962650415,110.17362598878942,117.71623238172884
2025-09-01,301,111.86974702548898,107.84353057097849,116.04414555480243
2024-10-01,302,830.7415182175141,740.1946046441298,918.137001901933
2024-11-01,302,943.9906866879071,853.4605640172662,1033.534700201977
2024-12-01,302,617.1612675495364,531.4880727000705,699.5257536179524
2025-01-01,302,765.9815648461341,680.504306512311,848.4014950752259
2025-02-01,302,769.2886461095113,688.2628659973603,852.308577479148
2025-03-01,302,824.2394400962025,738.2044143385148,913.3419260777868
2025-04-01,302,648.7608804067435,567.0356118896851,733.5283160469729
2025-05-01,302,655.4665692035746,567.3746098352505,739.6056212286608
2025-06-01,302,633.0327380144042,546.3006598125532,712.0704452532561
2025-07-01,302,402.57625462819243,316.1411687119393,490.200344340874
2025-08-01,302,522.2766704880158,439.53495796016125,608.0164432534707
2025-09-01,302,502.6506409535077,420.63670380819957,595.2204777698698
2024-10-01,303,3730.4218365264924,3397.4145979150308,4061.807543664386
2024-11-01,303,5033.611938304094,4701.824949366989,5364.682904224124
2024-12-01,303,6449.436204745934,6133.93364959487,6781.427234904334
2025-01-01,303,6304.270418098929,5960.88385708228,6618.295424677589
2025-02-01,303,6269.755980048788,5943.342198811914,6578.3371622565055
2025-03-01,303,5407.925166744198,5055.906267665298,5707.045860257827
2025-04-01,303,4312.63171026823,3999.691367513796,4642.169967943372
2025-05-01,303,3615.3828429163286,3256.605441210752,3944.080536201764
2025-06-01,303,3160.750590030818,2852.6566097275145,3461.274331294047
2025-07-01,303,2166.5652807293204,1845.4442369979097,2514.7948948506664
2025-08-01,303,2924.5749588091167,2598.3663293135464,3256.686957069234
2025-09-01,303,2819.2847330266654,2497.9752390591216,3178.638678816184
2024-10-01,304,121.42791029810698,109.86948841503346,133.40515563019704
2024-11-01,304,119.11182407055112,107.64469431296024,131.03624323312997
2024-12-01,304,158.80110871322978,147.18122506814726,171.25504658347452
2025-01-01,304,162.368808478461,151.56208548784997,174.09498526390098
2025-02-01,304,142.4855548044846,130.3990049965378,154.36164865312094
2025-03-01,304,132.4338110949476,120.73663120027864,144.2950207988132
2025-04-01,304,123.34813155385989,111.52255528285649,135.78262825806343
2025-05-01,304,125.24045703275318,114.35003760113273,136.14480213751727
2025-06-01,304,124.26490893735355,111.79849876529453,136.6494094873084
2025-07-01,304,118.42648766163164,106.76762805408096,130.3597503657851
2025-08-01,304,122.96424238577595,111.44966617410998,134.94097079794062
2025-09-01,304,114.21685531225117,103.12678325350427,127.03359783426131
2024-10-01,305,1256.620934111098,1164.6931993503815,1359.2098702599249
2024-11-01,305,1572.5718564060764,1478.7811112370339,1673.6916336586614
2024-12-01,305,1996.1002376441302,1898.9191927267875,2096.1484187976257
2025-01-01,305,1983.8435618956223,1886.7045818994818,2084.843495204065
2025-02-01,305,1962.5115988563273,1866.7119065480672,2066.0907149261866
2025-03-01,305,1685.6619642725598,1591.9942155377041,1781.8873644035168
2025-04-01,305,1362.1096198410207,1267.3316855239366,1463.3629609838206
2025-05-01,305,1225.4734833518178,1129.12532191369,1329.6548134933853
2025-06-01,305,1123.4062679050212,1019.1579859635965,1226.3626736604876
2025-07-01,305,820.0529313345442,709.2519111602991,923.0554011695617
2025-08-01,305,1035.6914889038228,927.5822197056183,1143.4525524145156
2025-09-01,305,979.597795814218,866.9156861445792,1081.122548590295
2024-10-01,307,86.6370724539035,77.54112435641231,96.68345792314257
2024-11-01,307,82.52888865458748,73.29425917844388,91.59952188818093
2024-12-01,307,125.49861834315064,116.90873693112411,134.53990636340015
2025-01-01,307,112.8358128070844,103.68141923780564,121.72767908648694
2025-02-01,307,94.92405175439785,85.37960549324376,104.2203612142324
2025-03-01,307,93.19682679216956,83.87989451303689,102.41361874209831
2025-04-01,307,85.66158116842506,76.07056278225714,95.03935458116163
2025-05-01,307,85.94893161300118,76.43136611733988,94.3949907814467
2025-06-01,307,82.86773300182107,73.00308285114869,92.19033433895419
2025-07-01,307,87.43802362972845,77.84895437112675,96.39761454899231
2025-08-01,307,87.55788265453225,78.53504798159817,96.526716297563
2025-09-01,307,81.90919886781258,71.76857846618198,91.0106252673273
2024-10-01,308,265.685722093523,182.82971066151956,348.3183900506894
2024-11-01,308,416.7802819350096,333.14325656565285,500.95291371860185
2024-12-01,308,913.5822827246977,827.2632778130422,1000.6699915829599
2025-01-01,308,719.0550624035827,635.0376621756635,798.6544514429389
2025-02-01,308,668.6162633489603,585.723782342516,750.8127975730955
2025-03-01,308,536.4306495649067,456.37994237074,613.3354102130722
2025-04-01,308,429.76859556218164,350.09834136502053,518.4866301159079
2025-05-01,308,297.4072822834555,217.46561461249647,375.89922499724094
2025-06-01,308,225.23225219019378,141.81740879790226,311.2112292415399
2025-07-01,308,223.3980750884412,145.4610394185465,299.60608071195185
2025-08-01,308,251.51481902096816,163.5098089436599,335.3293718977082
2025-09-01,308,246.80454455474137,159.99020406879643,327.52468490425304
2024-10-01,346,150.57085185679517,147.35534656897696,154.17703849206325
2024-11-01,346,155.73454824448484,152.42411472306847,159.2904001268965
2024-12-01,346,164.5246895351105,161.1449661884141,167.98502091053618
2025-01-01,346,157.6281161321698,154.05774545676667,161.3951085631431
2025-02-01,346,140.82417054691174,137.25310913743397,144.28741499270134
2025-03-01,346,154.97564308377383,151.45581545439364,158.89410641322678
2025-04-01,346,146.72842716777186,142.8863906986449,150.56554554258557
2025-05-01,346,142.36920022046263,138.13728634499248,146.4555817324661
2025-06-01,346,132.79261843898976,128.26095128389255,136.96331304315925
2025-07-01,346,137.37085598572003,132.4640277646916,142.03293408792067
2025-08-01,346,136.5346665250614,131.81948012335158,141.58324194250028
2025-09-01,346,138.11405639171812,132.56808509414333,143.24209225216882
2024-10-01,347,139.20935152088938,136.1742834087718,142.37961710614078
2024-11-01,347,139.85162149371547,136.60703068095415,143.0188456677733
2024-12-01,347,160.60762346801215,157.46967026205766,163.80316319889775
2025-01-01,347,162.83172629276763,159.5574339693046,166.03216501209695
2025-02-01,347,138.8437129808323,135.62097052110073,142.2724005521145
2025-03-01,347,146.20085726788025,142.95631616016558,149.4149045010049
2025-04-01,347,136.04670544567378,132.9442439892911,139.69400099399496
2025-05-01,347,134.623742933831,131.45848070929316,137.96454481172316
2025-06-01,347,130.49534566910893,127.1379865901641,134.2448621243216
2025-07-01,347,133.79544083680605,129.9588741047254,137.5349539935079
2025-08-01,347,133.3071932241249,129.62264934222068,137.0837825742321
2025-09-01,347,130.40999098223463,126.64243379699552,134.95101026351685
2024-10-01,348,543.5833335732369,516.5974377667565,571.1996526391238
2024-11-01,348,631.4684193967845,606.0963637378801,658.6546919446414
2024-12-01,348,726.8492963885315,700.3509462717298,753.4196513477256
2025-01-01,348,694.6654345186009,667.892053637802,720.3905394496019
2025-02-01,348,651.2990293407333,622.8406480792084,678.5511463237046
2025-03-01,348,637.7104393811755,611.1547507325628,663.8660412847169
2025-04-01,348,542.2934097791886,515.4321048487919,570.3825379403145
2025-05-01,348,521.3059051145731,495.32708087312284,549.8739418991936
2025-06-01,348,486.7552656959956,459.8652132220732,513.9537556960229
2025-07-01,348,398.71020539147565,369.2506218291154,427.88941970147334
2025-08-01,348,457.14416304611865,429.288264952604,487.0839622393929
2025-09-01,348,451.76437368368215,422.5699635015413,481.38987038014795
2024-10-01,378,4113.002097885578,3802.3010238319625,4418.7989521494
2024-11-01,378,5334.815124054307,5021.047500427018,5655.125491895328
2024-12-01,378,6774.561595244713,6455.590136854579,7114.349010647432
2025-01-01,378,6628.722139233112,6316.775197506239,6954.350738057234
2025-02-01,378,6593.86321281553,6251.113946003561,6928.541038485709
2025-03-01,378,5791.860941713752,5451.818603483809,6133.10840575012
2025-04-01,378,4549.254883424745,4204.1807683978,4877.57783003293
2025-05-01,378,3963.443728168805,3638.352190280659,4294.691930425395
2025-06-01,378,3494.8568164309263,3167.1209919600074,3841.871676981245
2025-07-01,378,2291.6997408180036,1920.6854716913942,2611.3782127790055
2025-08-01,378,3138.569570765853,2803.1128127165152,3464.2467345144973
2025-09-01,378,3068.0873372715196,2748.9268753043157,3430.792085184903
2024-10-01,380,687.0115681099418,629.0990057981913,751.6182497764288
2024-11-01,380,848.7246730473232,785.9410088723744,909.17303282671
2024-12-01,380,1062.9592217816603,1004.021595032794,1122.094631243648
2025-01-01,380,1033.835929561773,972.4177995461673,1087.0742473858631
2025-02-01,380,1054.8802713900998,995.6921242705171,1117.7358165910855
2025-03-01,380,892.1426325132009,838.1675225093628,957.5460991264904
2025-04-01,380,707.4445955783734,643.4961036740661,767.2461950550279
2025-05-01,380,658.1805676800699,594.3624593727347,715.8854323059577
2025-06-01,380,615.4369292835912,556.4481409869693,677.1696132706999
2025-07-01,380,421.210681329774,358.0798069921231,482.149625658296
2025-08-01,380,546.114189217531,477.986013005792,609.3771149284516
2025-09-01,380,503.2500834020635,441.3073470057009,570.3794935703258
2024-10-01,385,333.8577737436783,295.4966355748918,370.2492299078466
2024-11-01,385,410.092216707349,373.4112665473762,447.8067417835193
2024-12-01,385,622.0248231331979,586.2039094271698,656.9261004599766
2025-01-01,385,622.8032692022327,584.2022215427627,658.0686415504844
2025-02-01,385,522.6386133604118,488.1723277802926,558.1030684741104
2025-03-01,385,432.1596465203662,397.6235677421837,468.27650581118485
2025-04-01,385,361.3375081847978,324.8800858990892,400.28112523674366
2025-05-01,385,280.2739916330946,244.26902398759484,318.3667132113629
2025-06-01,385,229.10873392626254,191.39248868735058,267.6532583381185
2025-07-01,385,253.587637369354,216.70848120051824,293.84921887995785
2025-08-01,385,293.5624955733972,253.9688643685231,330.15103656855507
2025-09-01,385,285.44109119334456,248.83914543550773,322.49595553251595
2024-10-01,387,364.77874004891487,346.2621694388942,383.668199341
2024-11-01,387,448.75979207589893,430.0492839886141,466.9847976308728
2024-12-01,387,576.9250347699815,556.5503640119254,594.633299306093
2025-01-01,387,503.0303749777421,484.1553012419894,520.7768896153516
2025-02-01,387,453.00824235448727,433.26214424719967,468.8259364036024
2025-03-01,387,429.07618433965354,411.2339582698327,447.4867757189394
2025-04-01,387,364.96265045625984,347.25050381459783,384.37448683381723
2025-05-01,387,316.25444531910375,296.8162943460102,333.3777590343107
2025-06-01,387,269.43602812877924,252.82074419554533,287.8600831118871
2025-07-01,387,247.37312581092502,229.53693810494582,265.61992204670753
2025-08-01,387,290.5348886574353,271.28518016124497,309.19793791135436
2025-09-01,387,299.2926655709003,281.2729080787966,318.964825557054
2024-10-01,390,387.2274690080986,336.14185580718,438.19414875584636
2024-11-01,390,375.33805233133944,323.58692573764387,426.7346602885508
2024-12-01,390,253.85721415546607,202.2683195951854,304.6602601352912
2025-01-01,390,485.44668526711376,431.6552412563459,539.7576019528789
2025-02-01,390,463.86526331281004,404.6071017406045,519.9935511520466
2025-03-01,390,393.7494857357197,339.89735820578045,451.4888377210123
2025-04-01,390,341.47614401883794,286.6206005557646,390.8395262615093
2025-05-01,390,344.1046041254726,294.61600823873914,399.3812356897382
2025-06-01,390,345.44805756548425,292.6888675721922,402.56134686338606
2025-07-01,390,231.6282760719435,178.61085351357733,283.3527835722279
2025-08-01,390,314.3251037980961,260.3018428098824,366.40455524848187
2025-09-01,390,280.7738636482798,227.21890894894986,334.46715976024524
2024-10-01,391,2597.7696249321557,2415.355566411467,2768.844742446225
2024-11-01,391,3240.3254873286596,3038.0926860317218,3418.9719824843996
2024-12-01,391,3901.3230871720843,3714.9946224479872,4090.0547214370495
2025-01-01,391,3679.5462135199978,3496.2848144332493,3876.0955632121627
2025-02-01,391,3527.792252526699,3335.313898964604,3720.5030522914353
2025-03-01,391,3075.82473563446,2892.5723195133874,3251.0356833119477
2025-04-01,391,2524.0120399942452,2344.6919853689865,2698.8178150947538
2025-05-01,391,2235.9057139541565,2040.5754439088682,2416.284863313542
2025-06-01,391,1978.1577564773766,1794.8251252014977,2159.955966598245
2025-07-01,391,1442.6203836432471,1271.1469635795177,1629.2491817000441
2025-08-01,391,1947.3419641617136,1759.0433421973562,2135.0036487666744
2025-09-01,391,1963.5338802948263,1784.2080901465938,2145.3121152745202
2024-10-01,393,293.3477767607313,278.91021465042434,305.18979742121417
2024-11-01,393,326.6055738238641,313.335592852644,339.33808234575974
2024-12-01,393,415.3925539886819,402.50714875884614,428.84404377074
2025-01-01,393,435.3655181864463,421.5831383851134,447.8490210959668
2025-02-01,393,399.82066896963585,387.6684645834801,413.21292993290035
2025-03-01,393,361.9639155916775,348.19451262635573,375.7389415311728
2025-04-01,393,284.4977432092004,271.2789986252981,298.1064218956766
2025-05-01,393,222.3670980384672,208.74979014801957,235.91127736398556
2025-06-01,393,176.21493979020823,161.57093358593988,190.79213640261077
2025-07-01,393,163.57138390565916,148.85736925728187,179.89130148960902
2025-08-01,393,198.43864086281258,182.94640431597176,214.41913825971685
2025-09-01,393,218.773943424915,201.3920600330972,235.14734975136545
2024-10-01,394,2481.6400359382737,2407.290911499156,2553.1653642127935
2024-11-01,394,2710.731884294296,2638.7540151137114,2789.9310313250526
2024-12-01,394,3629.6183197849814,3555.8743053678318,3702.5080668445758
2025-01-01,394,3238.927230361725,3168.608180146252,3306.7253447008925
2025-02-01,394,3101.7620864403166,3026.5769478200864,3176.0645272300703
2025-03-01,394,2924.3012324714346,2848.890217254517,3002.564739462979
2025-04-01,394,2550.185126470145,2472.189535834202,2629.8068792626577
2025-05-01,394,2314.4392595654754,2237.1557555260893,2393.872260419768
2025-06-01,394,2092.3621257865866,2017.0353413032879,2171.196475105181
2025-07-01,394,1933.199151310635,1850.9289948806017,2011.5549029041479
2025-08-01,394,2247.3078049690625,2160.7823788187757,2324.5580296486596
2025-09-01,394,2240.4585246402658,2150.488482998101,2321.187828569638
2024-10-01,395,2036.864813805047,1938.8289588334271,2128.3935172186702
2024-11-01,395,2668.2660075454733,2576.5064867724423,2762.196650219088
2024-12-01,395,3590.1413867223064,3499.2707149625903,3680.2996779302634
2025-01-01,395,3325.030425951493,3235.3622692676345,3416.600826282147
2025-02-01,395,3260.9362982546836,3162.466697037892,3354.6247433505328
2025-03-01,395,2865.5041555724665,2771.023380434702,2960.0385315267267
2025-04-01,395,2219.1372605118554,2130.6240956445986,2306.816123061023
2025-05-01,395,1801.6756132475598,1706.6699933822038,1897.959602733564
2025-06-01,395,1433.396255253444,1334.4412448218263,1528.6654584574414
2025-07-01,395,876.9490953436098,782.4301737807377,963.3908545697712
2025-08-01,395,1290.0308294135034,1189.923192171082,1383.5247304545935
2025-09-01,395,1339.548012288629,1243.8403450179435,1444.1554148432253
2024-10-01,396,150.41673326402415,145.76844573426146,154.8979855642945
2024-11-01,396,150.31967398083864,145.89633067117765,155.04635061879122
2024-12-01,396,180.04317820648316,175.661283350919,185.2018640306391
2025-01-01,396,180.4390518734816,175.87553024785063,185.52141529480778
2025-02-01,396,152.601490434455,147.73190246371226,157.12177728223955
2025-03-01,396,160.2214527776422,155.40418762798234,164.5459490562482
2025-04-01,396,146.93545229776657,142.47099592006998,152.4176039897479
2025-05-01,396,144.26479223544933,139.40976540718327,149.32964163813313
2025-06-01,396,133.8560133522343,128.4620526274707,139.11136537660886
2025-07-01,396,135.77241406506104,130.34910578888102,141.6098371894417
2025-08-01,396,140.6399813399353,134.7646474578434,145.84916118716637
2025-09-01,396,136.5366915887299,130.62806670096708,142.57987591041802
2024-10-01,397,436.55088000364566,423.51881172434105,448.8831412822872
2024-11-01,397,475.2398535269569,462.84245134485127,487.8654597590552
2024-12-01,397,619.5951810080282,607.7301969871086,631.7544089135656
2025-01-01,397,599.4490568496149,586.2621648639779,612.4546101610888
2025-02-01,397,533.7945213815885,520.3606547916044,546.889147668899
2025-03-01,397,520.3029754966377,506.2018572513788,533.3947429469983
2025-04-01,397,453.7255912140634,439.687427913601,467.64183603542796
2025-05-01,397,417.71249288456295,402.6993325688416,434.1190481543316
2025-06-01,397,366.84158488058716,350.71732607569453,381.85845308398666
2025-07-01,397,328.0157195159368,311.5782385599058,346.1513924307652
2025-08-01,397,374.1875228742116,355.91374374660126,393.1369774764782
2025-09-01,397,376.4014177267126,358.48387824278325,397.03068573123886
2024-10-01,398,157.9024595699068,154.58051500256687,161.5668101162166
2024-11-01,398,159.99315182637508,156.50270959628284,163.54773741860754
2024-12-01,398,172.40131488813645,168.97066555698984,175.47463999720839
2025-01-01,398,180.50987496844354,177.30231772708964,183.94574735423504
2025-02-01,398,157.4067601470119,154.01235385375116,160.77922902492895
2025-03-01,398,165.8897831758778,162.64173011724193,169.3843173056559
2025-04-01,398,149.9324833521659,146.60783221544096,153.51984514379788
2025-05-01,398,147.54933959926498,144.24433629793768,150.86534932888358
2025-06-01,398,135.26278398263963,131.7513544452627,138.52176916814872
2025-07-01,398,134.2741892692382,130.9827716488184,137.56310798879522
2025-08-01,398,139.26311536412277,135.943559416522,142.75385524789223
2025-09-01,398,137.61656462404068,133.91438983065115,140.89078880592274
2024-10-01,399,506.0988578163492,490.33753003769544,521.8131983600364
2024-11-01,399,536.5565350835013,521.1900568842763,554.0647403186831
2024-12-01,399,512.3054654672858,494.6763405218843,527.6934420868588
2025-01-01,399,536.5656374069563,520.8298220488749,551.9208969301901
2025-02-01,399,500.251719604615,482.03649637020953,516.1738280270895
2025-03-01,399,536.2601365865949,519.8965384539231,552.7428893253085
2025-04-01,399,474.76064043904415,456.69649566883385,491.6428971664029
2025-05-01,399,463.8959304141154,447.2675286717652,480.97525933821026
2025-06-01,399,426.83185947745557,409.6397769887853,443.0559841876954
2025-07-01,399,371.1320399572029,354.5468215548182,387.45050174826326
2025-08-01,399,419.21726403684613,402.6922863038986,435.5713857109852
2025-09-01,399,424.07326982521806,407.7912072769483,441.4770240987796
2024-10-01,400,2211.6425029678126,2085.1675352767593,2346.2797571694205
2024-11-01,400,2849.581595550185,2718.687914213919,2991.2017376000813
2024-12-01,400,3500.1235491801463,3369.324521169072,3635.950425542155
2025-01-01,400,3446.655886039579,3320.170359037136,3577.149508359198
2025-02-01,400,3344.7138796959025,3214.731251145692,3473.7584303230087
2025-03-01,400,3006.6867750536544,2875.640830384272,3140.9246730380705
2025-04-01,400,2427.11044498633,2286.908970095839,2561.9494978038133
2025-05-01,400,2077.83853749015,1946.809990267573,2212.750960002298
2025-06-01,400,1747.452406029121,1609.1011982460411,1885.766433992282
2025-07-01,400,1170.6938873056304,1034.8161672727942,1306.6770552042885
2025-08-01,400,1634.0156595814829,1499.3961750971914,1774.8412976471177
2025-09-01,400,1642.353333843133,1506.2741209873243,1782.0111610469023
2024-10-01,401,152.573128171751,147.07539792757606,157.6035925584208
2024-11-01,401,153.70975780025307,148.07047669700452,159.11475965501705
2024-12-01,401,172.47278873396505,166.8834712503305,177.85303479981204
2025-01-01,401,179.6122797073792,174.43143326010912,185.03836661997542
2025-02-01,401,149.73531432094828,144.2670492235364,155.1063225998526
2025-03-01,401,160.75631283571119,155.56270717330597,166.00668240009492
2025-04-01,401,147.41977320673976,141.75291951758558,152.89612756065964
2025-05-01,401,148.1974033831566,142.4393882512822,153.86631852176163
2025-06-01,401,138.45339812335644,132.62063661057843,144.16472174781188
2025-07-01,401,134.40468001638436,128.01739064323948,139.8403720527748
2025-08-01,401,143.59562039470066,137.65979552878872,149.07102095916116
2025-09-01,401,139.17080746605083,132.2409032960792,145.97105964938672
2024-10-01,402,523.6938871823701,506.94727739879835,540.7890183298391
2024-11-01,402,584.0475465751747,567.0584716028325,598.8834814251196
2024-12-01,402,639.962531787338,622.7980963932818,656.7757679605589
2025-01-01,402,652.6423786431628,636.2956573189043,669.5847118185704
2025-02-01,402,595.2186541731512,577.3649982553669,611.756810065318
2025-03-01,402,592.0633399321074,573.7152908381786,608.6928081978597
2025-04-01,402,520.6141696647268,503.1382750424553,538.4289822033088
2025-05-01,402,499.6892021583067,481.94553177414366,517.121866063318
2025-06-01,402,455.36114285583517,436.3473905147985,473.3620555439719
2025-07-01,402,380.31158983180615,361.1100289511578,398.4863955794872
2025-08-01,402,454.28489860082834,435.29767434297884,473.9812576694179
2025-09-01,402,450.19874841454305,428.41758938242197,469.806751092923
2024-10-01,403,2133.2517775961237,2041.9525319160068,2224.5664014499384
2024-11-01,403,2892.8033006133514,2801.860749094595,2989.2546117641837
2024-12-01,403,3621.1995800660325,3538.440103764479,3710.030290432774
2025-01-01,403,3145.462185229349,3049.5830955372626,3240.5019994297836
2025-02-01,403,3089.258638184042,2996.6987959740472,3192.906071469378
2025-03-01,403,2893.01033964778,2795.596992394051,3000.5598100875045
2025-04-01,403,2271.669187669772,2168.098125247932,2376.6235896027774
2025-05-01,403,1907.8417658678193,1797.261145118557,2027.4882659273842
2025-06-01,403,1585.1166785408911,1468.7212528237847,1708.2439258046716
2025-07-01,403,1002.888535891427,872.0091925876822,1137.8988350482116
2025-08-01,403,1437.6045201875584,1306.0159904150257,1592.1326182992068
2025-09-01,403,1481.1064768350282,1323.7450272723338,1644.933116390677
2024-10-01,404,118.63810870253681,111.51475053309865,126.10668933884256
2024-11-01,404,119.15493559388658,111.51571608691512,126.55095707612993
2024-12-01,404,154.45345076719985,146.57654024117323,162.23715521701507
2025-01-01,404,147.96580929111167,140.6676022498722,155.70231993832996
2025-02-01,404,123.57780913815556,115.4742602264074,130.8364311717412
2025-03-01,404,127.93778372769415,120.35092488144426,135.60732705185296
2025-04-01,404,119.26552618022791,111.29813512245529,126.89628337953987
2025-05-01,404,118.61194417188739,110.5494116907444,125.98041702209
2025-06-01,404,110.63308335007721,102.69494568354553,118.33005214343899
2025-07-01,404,113.20688490011133,105.23915787513754,121.08321985085766
2025-08-01,404,116.78212138896257,108.94515095084073,124.76673636632829
2025-09-01,404,110.9458278147718,103.13279015429546,119.04950521322645
2024-10-01,405,366.8975660396387,333.6688500543142,401.04158598761643
2024-11-01,405,406.3171761361141,371.361134343806,444.5969677333306
2024-12-01,405,588.9365433681355,554.4520697389071,622.7529881667452
2025-01-01,405,531.5237136675103,496.2689809067942,564.4867921597427
2025-02-01,405,472.0896098284626,436.56485067382874,507.16708040642123
2025-03-01,405,457.75503049527606,422.5050658854448,493.212891985046
2025-04-01,405,412.4935516743232,376.3086567236328,447.1212490833982
2025-05-01,405,380.3314193594991,342.8818575470608,417.14710794077337
2025-06-01,405,333.74559480848933,298.22115091523597,370.77758112524583
2025-07-01,405,316.47988182240664,279.5727603698263,352.6979233616733
2025-08-01,405,360.9754513578935,323.9780566843747,394.6994927201379
2025-09-01,405,350.4001640678388,315.3265729441749,386.6834711046976
2024-10-01,447,152.2357573324928,148.7337468039262,155.88127977002912
2024-11-01,447,161.4324609640868,157.6005433771059,164.97400957787582
2024-12-01,447,168.63780595537332,164.90507917353176,172.70292621388592
2025-01-01,447,167.80616026162608,163.94797571772023,171.44850270646776
2025-02-01,447,148.14699047788673,144.2046410607687,151.89652321585956
2025-03-01,447,154.10006196312747,150.4813251898388,157.8323590973381
2025-04-01,447,133.37712833127048,130.00291725974708,137.13947347749084
2025-05-01,447,132.55248689669983,128.88468706652387,136.64449193731986
2025-06-01,447,125.81202186399832,121.76555585736891,130.0297786233868
2025-07-01,447,120.15370962281239,116.4596145132993,124.2086764208193
2025-08-01,447,121.81876139648007,117.83310982699747,125.63220451727514
2025-09-01,447,115.94348708094554,112.11854464405519,120.23564156916642
2024-10-01,450,129.13831171064126,121.18148018055035,137.18359015710425
2024-11-01,450,129.2806370448372,121.90447185469945,137.8219872295654
2024-12-01,450,175.0157619160646,166.68823581635175,183.13482028546045
2025-01-01,450,164.78402740348278,156.67693198635519,173.64485410128256
2025-02-01,450,144.89022974385767,136.4218181137142,153.2195831927382
2025-03-01,450,141.10123651060343,133.2921891259899,149.6068146652384
2025-04-01,450,135.8104545085638,127.46275220574381,144.00439138670546
2025-05-01,450,140.27606861387872,131.69268824005187,148.28859844601817
2025-06-01,450,133.3799365462588,124.65743371592593,142.33508153507805
2025-07-01,450,131.1936405011068,122.6598269400372,140.0558130589458
2025-08-01,450,132.78753001177313,123.88169577489244,141.32272818684925
2025-09-01,450,125.14690196983221,116.37623572800494,133.99363143274897
2024-10-01,459,148.41109495632918,144.1758833176102,152.50670645677386
2024-11-01,459,149.1838279260808,145.06213669647994,153.57025781166124
2024-12-01,459,176.87757921419293,172.67898007428687,181.15462130414952
2025-01-01,459,180.03089611825396,175.38775280102135,184.59201495182256
2025-02-01,459,154.5973922380416,150.0054567398592,159.02964100975956
2025-03-01,459,160.57380837195527,156.165556747938,164.7176460273451
2025-04-01,459,146.28615687215648,141.7173390881873,151.09029832712375
2025-05-01,459,142.4716056649748,137.4610366977417,147.07060061741794
2025-06-01,459,132.77152663005603,127.5373890984926,137.72858724035638
2025-07-01,459,136.4254912069343,131.70399359592676,141.41468984680296
2025-08-01,459,138.46010640247806,133.21424540202864,143.34351371912496
2025-09-01,459,136.48664200757318,131.23298483323143,141.7283273623821
2024-10-01,460,458.06923909243955,451.25358296696976,464.5338748286545
2024-11-01,460,505.7199200009998,499.3153896594529,512.0324716737778
2024-12-01,460,617.2513022231014,609.9334244648014,624.2313863671254
2025-01-01,460,592.6016427945192,585.3736451804508,600.2690261381093
2025-02-01,460,538.2542258633821,530.2659751567933,546.6717412663577
2025-03-01,460,533.7522512451553,524.9973730817912,543.0011825866032
2025-04-01,460,463.4742232963042,453.918671963022,473.9004265265972
2025-05-01,460,432.2629319115395,422.4229244114993,443.32756202340533
2025-06-01,460,384.8859517374914,372.55982774720025,398.47543742408027
2025-07-01,460,348.71999085422806,335.03610410504047,363.61639141411086
2025-08-01,460,385.2151537903342,369.4535818230316,403.58313638867526
2025-09-01,460,395.3456276730145,378.4428054614071,414.698558796836
2024-10-01,466,335.1867530076631,294.22495181058173,372.736662460195
2024-11-01,466,384.8718103777578,343.1091753693744,420.98103546276104
2024-12-01,466,550.2578908415944,513.9866826335476,588.6172575660742
2025-01-01,466,470.88072536692675,432.09302502425265,508.6246473277214
2025-02-01,466,412.4234230125807,373.642232717075,450.0794395466706
2025-03-01,466,412.36218174887057,375.34519935674365,451.7095577439476
2025-04-01,466,378.44486503233713,341.3564525324445,419.3369665220013
2025-05-01,466,345.0290837644406,306.0849546261781,382.95313974394
2025-06-01,466,295.516259356658,256.43862527297506,334.18017984865304
2025-07-01,466,299.3363265047416,258.8970201627573,339.2204055075065
2025-08-01,466,322.2725481288241,282.8535644372171,359.61203454095306
2025-09-01,466,316.28095715485574,275.9299992534505,355.3573728902801
2024-10-01,468,136.07002318468076,129.63552997494264,142.19603049570594
2024-11-01,468,148.34294479710636,142.4868914870701,154.51490996705718
2024-12-01,468,176.28783894538233,170.30120654753972,182.52762878701506
2025-01-01,468,160.93793153108433,155.1934080752339,167.12460515120372
2025-02-01,468,157.72272066415613,151.51483976993825,163.92229682743687
2025-03-01,468,152.49797655137897,146.33759496760794,158.39594131304153
2025-04-01,468,132.3225502182372,126.42305038443213,138.56685332677714
2025-05-01,468,127.91415318564498,122.18765103473672,134.12665155535734
2025-06-01,468,121.83424833538442,115.82661993389851,127.89265365867215
2025-07-01,468,118.78030226677657,112.63830229042682,124.95489466929025
2025-08-01,468,121.83358949797872,115.65824988356754,128.28938674390596
2025-09-01,468,118.68822076877842,112.19753246188438,125.07062596399564
2024-10-01,469,685.6705123838922,645.921119220951,727.8306900122864
2024-11-01,469,834.7310714394584,793.6573307058079,875.8343267915772
2024-12-01,469,1007.5477807117722,966.5698236693082,1047.292152621775
2025-01-01,469,989.8650131616457,950.399034896827,1032.3940427491452
2025-02-01,469,972.6612212253692,931.6440704678466,1014.9781797141768
2025-03-01,469,856.2829820006741,814.9590491407697,901.4481698025611
2025-04-01,469,705.2283251072565,664.1798171003204,747.1151400624319
2025-05-01,469,644.5466830997315,605.5219338104725,687.0206861692213
2025-06-01,469,583.0722277092677,538.4260650921564,625.2015204169626
2025-07-01,469,426.430115815204,382.08289993429906,469.6625796231429
2025-08-01,469,526.1121012774645,481.6418927616105,570.4089947759509
2025-09-01,469,515.3063543244718,468.386687547557,561.9915886478645
2024-10-01,538,156.77309882593315,111.40915908258658,200.28333949749768
2024-11-01,538,262.5023886147327,216.1760665288149,307.26809566227536
2024-12-01,538,578.4895779181267,529.4539171713309,622.0102534586138
2025-01-01,538,398.73426545103865,350.5085137084097,443.20202702822866
2025-02-01,538,403.22801451794794,353.8165535620964,452.0424508547202
2025-03-01,538,324.225862234105,278.99198375282396,370.8180860600677
2025-04-01,538,258.96676458418716,211.7028836155927,305.32162705858286
2025-05-01,538,181.35445645693503,135.57534548883822,230.8903249340232
2025-06-01,538,148.27828369468367,100.2026423305275,192.63180501765322
2025-07-01,538,172.2975148711288,123.20052156262179,219.9417090600331
2025-08-01,538,193.35009263534295,147.632337259099,239.04642566122547
2025-09-01,538,162.90950353817536,114.36565954823843,208.10929848538095
2024-10-01,541,101.66638464813155,93.06004227491,110.91683813806739
2024-11-01,541,103.00391849149771,94.36277285588768,111.74829667758105
2024-12-01,541,175.1604606659068,166.2581961246151,184.1065936931042
2025-01-01,541,152.53632505348094,144.03762823891665,160.96386745811083
2025-02-01,541,144.49019745003713,135.6233921829318,153.01149561348086
2025-03-01,541,126.13077770398786,118.2071956980167,134.8689134374745
2025-04-01,541,121.69704445952969,113.19738738581788,129.46139262838182
2025-05-01,541,121.3161316632684,112.31298446545892,130.0176156779845
2025-06-01,541,114.13283629781321,105.7652533719639,122.33147157540901
2025-07-01,541,112.77618689748947,103.61340155081614,121.27454031753024
2025-08-01,541,112.43292332839374,103.43084318608682,121.39813204296696
2025-09-01,541,102.72351547996114,94.00042465513398,111.21423542196204
2024-10-01,542,563.2369795375272,516.4992191821269,607.5330471843406
2024-11-01,542,757.5054477837705,712.6677839162548,801.2768939845662
2024-12-01,542,1200.8155719711822,1154.3852334124194,1246.9395869154034
2025-01-01,542,1027.8304117276994,985.0946353796053,1074.1223221239982
2025-02-01,542,1041.790074913448,995.7136635878144,1085.563859956286
2025-03-01,542,850.2170458320059,805.9015497618909,896.1180053978394
2025-04-01,542,660.616504709792,613.1340623703243,706.784651796384
2025-05-01,542,541.6072727691662,496.5911258625282,589.4263549989049
2025-06-01,542,460.15387642073404,416.9291154737424,505.95726776241696
2025-07-01,542,331.0363729542512,286.1278031442215,376.5632123329817
2025-08-01,542,418.4666207264493,373.9132452601183,465.0778861775035
2025-09-01,542,401.585364706976,353.21414010868625,449.8947639006598
2024-10-01,561,459.8366545028705,427.96815811374046,491.35514401340424
2024-11-01,561,620.3536998349905,589.7288759981691,649.961142372755
2024-12-01,561,804.6550314459886,776.317588506352,836.5098950788533
2025-01-01,561,716.2734010414646,682.6203880983328,746.4587331260608
2025-02-01,561,695.2866271233634,664.3991769487254,726.7982547259994
2025-03-01,561,569.8204850370028,538.2831140034029,600.5419340163987
2025-04-01,561,426.4015927401701,396.2530314696723,459.14698300736865
2025-05-01,561,361.7095710795413,331.29906974056973,393.10849191164147
2025-06-01,561,306.8418073853529,274.34272095605064,337.38640883430253
2025-07-01,561,193.1172920640497,161.64504596517332,226.3263964946127
2025-08-01,561,355.14557406926014,323.8576637919175,386.3878316171136
2025-09-01,561,310.97776521626935,279.940952733401,344.821218644455
2024-10-01,570,490.29700794619043,431.07444428325715,545.4051936828299
2024-11-01,570,657.4709185768812,601.9282147715589,717.2607345731599
2024-12-01,570,732.4221875563169,676.1886563140415,789.9268932339901
2025-01-01,570,622.369170517152,562.9731975227824,679.771906255434
2025-02-01,570,603.8317411572145,544.9930647101493,657.5136426096
2025-03-01,570,565.3672078969636,506.46034488867394,623.6077768259015
2025-04-01,570,462.6218189530216,409.4208129271035,523.8655627554571
2025-05-01,570,415.31739191494114,359.9267367581114,472.34316389709966
2025-06-01,570,399.15379965642353,339.56245722479053,461.06359975554295
2025-07-01,570,282.74947485086994,222.85465973911147,338.6656254342597
2025-08-01,570,423.05942366214026,363.63992970788024,481.46210209106175
2025-09-01,570,411.7351775683693,355.52328094283746,470.6462452239674
2024-10-01,573,177.5226359573931,139.1364039947229,216.36468742053202
2024-11-01,573,249.3628882470532,209.9796461695004,288.5904331666769
2024-12-01,573,460.49392321548896,420.4965354714721,499.759449837932
2025-01-01,573,311.7869289111163,273.9874830411991,350.3613218444541
2025-02-01,573,284.06991280780977,245.21657753624328,324.46115815696936
2025-03-01,573,227.89477173652864,190.46379348173866,265.12983877707177
2025-04-01,573,193.56579646979677,157.15854230129668,231.10017387672062
2025-05-01,573,133.73033200511037,94.22214049108516,171.79632256739282
2025-06-01,573,105.85200505890217,68.21240850958051,144.25059747817284
2025-07-01,573,128.47705610724864,88.0132743045816,166.34184721854052
2025-08-01,573,206.9113593779921,164.19457571345265,247.86499939227664
2025-09-01,573,184.52537125442933,145.26074380518247,223.30172430679534
2024-10-01,577,634.4111408601377,590.8103208628806,677.9147652112882
2024-11-01,577,858.4450416457559,817.7443902799347,898.5492739931198
2024-12-01,577,1168.6261857868044,1123.9458348914452,1212.8814364642103
2025-01-01,577,1038.0390591963207,996.0111225132972,1076.8294809215004
2025-02-01,577,1001.7032704434591,962.6856441883425,1046.18977652056
2025-03-01,577,857.3202887571703,815.090812389878,897.5939178997867
2025-04-01,577,662.7563195598059,622.5139144338074,702.748657849968
2025-05-01,577,574.7695379925058,532.0793036692086,613.4335405398257
2025-06-01,577,502.2085857493223,459.7098070853974,544.5343222867153
2025-07-01,577,341.38803946244735,299.3075930061702,380.49483037003534
2025-08-01,577,448.45025673134717,409.33023931201745,492.42771334037803
2025-09-01,577,449.82797881381293,408.39150119505064,487.9590668898383
2024-10-01,580,909.0924647402923,819.411660546499,998.5510130159541
2024-11-01,580,1064.4326801811094,978.2217221239729,1152.6995394146438
2024-12-01,580,763.1157040919421,668.1176247559446,855.2293284057306
2025-01-01,580,855.5583413696843,772.5798336290438,947.0914126551371
2025-02-01,580,861.640043928579,777.542598977353,948.9003796566766
2025-03-01,580,904.1446170310871,812.2049891580417,993.8851554130777
2025-04-01,580,710.6252019513026,615.9314465140634,792.9500425667644
2025-05-01,580,737.7342225541717,649.5332140378281,831.8992364406422
2025-06-01,580,708.5308762402431,620.0810909435008,795.068843415803
2025-07-01,580,422.4145464530341,329.8893800736727,504.3897075323466
2025-08-01,580,575.2949244849985,491.55505350014295,665.2900691725766
2025-09-01,580,568.8030953170676,482.0508520081373,655.7997393838689
2024-10-01,581,2030.5156114048596,1882.9730830957983,2182.9347064716003
2024-11-01,581,2678.298486274419,2528.0275568409593,2819.8939318532357
2024-12-01,581,3123.69034202112,2977.5904252180762,3279.399219093867
2025-01-01,581,3075.5084849228037,2917.410611285475,3228.091956777073
2025-02-01,581,3005.387565204763,2857.7508488915305,3154.383834772211
2025-03-01,581,2669.6313247951152,2505.1464490892317,2811.952960596008
2025-04-01,581,2181.6121393233975,2028.0238324620343,2325.6880232065405
2025-05-01,581,1960.7568524465394,1800.7947268863795,2113.6266193294464
2025-06-01,581,1744.8591599930442,1593.8151341334988,1896.1559365426965
2025-07-01,581,1206.3137119253547,1052.038614598863,1372.3831917585585
2025-08-01,581,1589.4880729485976,1429.7702223011477,1744.9269283630126
2025-09-01,581,1564.5344081437256,1387.3949843775038,1713.424073711873
2024-10-01,582,138.55713019440986,127.29821963292127,149.07282305968673
2024-11-01,582,154.59382182084997,144.61750159946402,165.07887476931313
2024-12-01,582,188.84228177379458,177.82426314775256,199.57303839694043
2025-01-01,582,188.56923838762881,178.04671546849687,199.61329148451378
2025-02-01,582,164.35944403093572,154.54397758107336,175.3409413000403
2025-03-01,582,158.26845024220205,147.23312372782723,169.2572515241006
2025-04-01,582,133.29106322858075,122.40344431356489,143.69653827343473
2025-05-01,582,137.58164261453348,126.50294132652091,148.19288657824816
2025-06-01,582,137.37169152892957,126.95188954575812,148.24778399503415
2025-07-01,582,106.74730897307498,95.56044931999946,118.13808669138352
2025-08-01,582,129.34446906952468,117.64932093804336,140.2887387024344
2025-09-01,582,120.11294433483617,107.99177306380827,131.78036636345703
2024-10-01,583,735.505560528893,689.5850749549705,780.0832620310578
2024-11-01,583,948.7529824990982,906.5197903482157,997.674047931901
2024-12-01,583,1087.6208187312561,1037.5827750276417,1130.8462824801484
2025-01-01,583,1025.6273843402669,980.5941682734837,1073.8348206620792
2025-02-01,583,969.5594660258803,921.9386062135607,1016.6710056681319
2025-03-01,583,889.7279760234985,845.3633070004903,935.3569526358988
2025-04-01,583,713.1766742673974,666.7819050506329,761.2651655975591
2025-05-01,583,667.0640808709605,616.5556954912198,714.0544490956096
2025-06-01,583,611.5850213721579,563.7830569355342,656.0718648355814
2025-07-01,583,417.6115728043287,366.9170352920269,465.7214498713127
2025-08-01,583,543.682401759582,497.63693627390074,592.9750774793245
2025-09-01,583,534.1677934731872,484.04302379570026,576.216416852267
2024-10-01,585,42.183125222873485,26.450619002141263,56.739307039847354
2024-11-01,585,50.442832362186316,34.94726295963297,65.49941696395177
2024-12-01,585,127.45863108598834,112.9984160371226,142.73720405965693
2025-01-01,585,110.97090766176696,95.79491724888986,124.26187603084269
2025-02-01,585,96.71118187818855,80.7046069928774,111.82369197592
2025-03-01,585,71.3001591184101,56.67798400927693,86.55057488344275
2025-04-01,585,58.35979543737464,43.95641302306465,74.0253817274721
2025-05-01,585,49.955009703280496,35.841277585452715,64.84407507133194
2025-06-01,585,45.412352012100904,30.32812342591637,59.271516064017575
2025-07-01,585,47.977111263393695,32.44452360130948,61.99961350041698
2025-08-01,585,54.222959017770485,39.97094412730344,69.21789204654165
2025-09-01,585,42.7444713048114,27.25396063783515,57.82183822258224
2024-10-01,586,463.0807810806492,419.93733945946326,505.9110947783019
2024-11-01,586,614.3367216035764,572.03466864536,659.5383793075886
2024-12-01,586,922.5456191138985,877.506630008783,966.4345301370312
2025-01-01,586,822.4520565152171,780.4442915558498,866.6328029273745
2025-02-01,586,783.9977541396609,735.7255460532305,828.2827114372127
2025-03-01,586,655.0506258006747,611.8068503807585,700.6509498384611
2025-04-01,586,529.8017940790853,484.5224365258903,575.7604231402817
2025-05-01,586,438.503536432705,390.9396330083373,487.1114345494693
2025-06-01,586,371.269231739029,321.7680892352536,417.45944145413984
2025-07-01,586,291.0334532222261,245.4403347965054,341.4692460364596
2025-08-01,586,371.28517489457727,322.17798570838676,423.31918226764986
2025-09-01,586,352.9065889489234,303.60417911885673,403.4242178245604
2024-10-01,622,157.20223259444762,154.80943893646736,159.6545091285073
2024-11-01,622,163.06033688420388,160.5693472946599,165.47072055228432
2024-12-01,622,154.33781409994342,151.88662848499064,156.72637443476404
2025-01-01,622,169.86837983205507,167.43748062312926,172.44708774667228
2025-02-01,622,154.44769058280374,152.15509989533382,156.7097577893545
2025-03-01,622,160.7860163077155,158.18603785912464,163.19804549405214
2025-04-01,622,146.4415229237377,144.01592490113552,149.05810510096134
2025-05-01,622,143.7327699999375,141.11768040171322,146.12189717925696
2025-06-01,622,135.14004538610902,132.39981138701683,137.6406731196846
2025-07-01,622,133.3221725169594,130.7897601624077,135.869482395474
2025-08-01,622,136.3325532028914,133.7691271646324,138.9369647410415
2025-09-01,622,136.85423103725137,134.25959528201994,139.59400925799702
2024-10-01,623,536.8758624152299,514.0936335644573,560.2992093885118
2024-11-01,623,576.7215480239385,553.9628559213005,599.3210264671849
2024-12-01,623,517.9832330035572,493.97192960171947,542.4499498838018
2025-01-01,623,569.1139257407981,546.5909606151926,591.5958443544911
2025-02-01,623,546.2191894428536,522.6622949138084,568.6815053047111
2025-03-01,623,569.6450870074065,547.1999954666793,592.2419855551232
2025-04-01,623,505.76533613119716,484.1376454749872,528.6870470370499
2025-05-01,623,496.23392927355246,475.11872383211556,517.6266437273397
2025-06-01,623,465.8770972076008,442.5022335290269,486.73519617740664
2025-07-01,623,399.604036245699,376.31075417113516,423.03222104998866
2025-08-01,623,445.1125652963286,422.24022984354264,468.099700682426
2025-09-01,623,444.7177776513427,422.3917206410435,470.34568614765584
2024-10-01,624,141.64917500227767,136.60466767385373,146.52302263781795
2024-11-01,624,141.86541456314666,136.97477278918456,147.29706201410855
2024-12-01,624,163.75481346554403,158.5477351254322,168.9504342932509
2025-01-01,624,164.76265167412274,159.38392899994327,169.74370725166042
2025-02-01,624,143.75023337909457,138.12893517831358,148.8004013927181
2025-03-01,624,149.3210906392483,143.99349988239788,154.77760575721928
2025-04-01,624,136.2955330582371,130.32762968534846,141.68445288636767
2025-05-01,624,133.07926342462568,127.09715572609741,138.7136730520753
2025-06-01,624,124.69325749223081,119.2060756652284,130.41168742479596
2025-07-01,624,127.97386250750466,121.51371936621199,134.15305660756778
2025-08-01,624,127.57174662603626,120.8083688227209,133.4104404205238
2025-09-01,624,128.51558945688333,121.25374954163762,134.685958597432
2024-10-01,625,528.493581749536,505.0887001783802,551.8033432681926
2024-11-01,625,629.4286904585064,604.7556455506433,653.8272098287334
2024-12-01,625,699.5001269848567,674.745936703232,722.6478357165829
2025-01-01,625,679.2881854180365,655.8184748995354,701.8557460381777
2025-02-01,625,627.7823781210896,603.2863139347335,652.1105925676607
2025-03-01,625,613.9731228960069,588.3429341635099,637.6902125368039
2025-04-01,625,526.7075140622776,502.7345411222561,548.7231413819255
2025-05-01,625,502.62177158821254,477.9168648427071,526.6745212782114
2025-06-01,625,465.58099627038945,440.3273612102186,489.1115181456888
2025-07-01,625,383.01342334505136,358.5760370632997,408.2586244010741
2025-08-01,625,440.447983878774,417.16095322378993,465.29476651519036
2025-09-01,625,442.5861876864145,415.61085170657344,466.9769459798776
2024-10-01,626,125.26114191441165,120.25278078316232,130.43496890382053
2024-11-01,626,128.44444583090305,123.25676022359394,133.59933513864198
2024-12-01,626,144.4287219344024,138.9134588064195,149.37518800868256
2025-01-01,626,151.5530347278379,146.40610930395115,156.98045227459005
2025-02-01,626,129.97948720661805,124.53504488690434,135.00781304211213
2025-03-01,626,137.54362312198654,132.13802780452988,143.4237670117132
2025-04-01,626,130.5018623177846,124.33092125325885,135.83248263527443
2025-05-01,626,128.92552175267264,122.86824136592053,135.04289786017162
2025-06-01,626,121.04531016890057,114.84481801048173,127.30256591288868
2025-07-01,626,125.66575800763341,119.1002426848458,132.5630716285572
2025-08-01,626,126.2541862938284,119.04634417793217,133.8688842322638
2025-09-01,626,125.47831627292183,118.0071939326497,133.51949711647416
2024-10-01,657,3998.177077750857,3730.200369370419,4268.12894635211
2024-11-01,657,5190.469309209264,4903.430621771284,5458.170311377476
2024-12-01,657,6271.971633624564,6003.671301956861,6533.165588607787
2025-01-01,657,6145.603244777223,5901.994381176196,6427.584932759879
2025-02-01,657,5940.678616227582,5642.606787993942,6211.086148771682
2025-03-01,657,5325.724548517574,5067.272047654648,5601.176978278434
2025-04-01,657,4299.517589118481,4018.852415728316,4563.583785003605
2025-05-01,657,3783.671352779702,3493.5512116403843,4065.193915701423
2025-06-01,657,3303.3744606867776,3035.662656972856,3598.732767511651
2025-07-01,657,2167.444841040484,1861.3451777205514,2462.1026078802306
2025-08-01,657,2922.363805933831,2620.3802328098077,3250.6492200025377
2025-09-01,657,2940.324218220777,2656.856540516362,3257.616729450483
2024-10-01,658,113.14733813492883,101.84456969679786,124.46524383930152
2024-11-01,658,109.04115777493266,97.79120604778551,120.12518712824934
2024-12-01,658,139.01195910927117,126.79973481534753,150.18486252798056
2025-01-01,658,127.92065407757309,116.18858094222306,139.4837718706607
2025-02-01,658,111.53617878651306,100.56917908563925,123.30159151953974
2025-03-01,658,115.0199528228735,103.29167636562258,126.47078524503222
2025-04-01,658,108.50411652452162,97.09482406934508,119.66388643073098
2025-05-01,658,122.76765425952769,111.40425498899167,134.02620132377274
2025-06-01,658,125.07699875904746,113.55466288185734,136.43196300495646
2025-07-01,658,113.61669034737433,102.42405827268077,125.29591669062678
2025-08-01,658,118.33440671460072,107.27462865492684,129.6276489336758
2025-09-01,658,109.0586876922126,96.57422123632871,120.57358815004605
2024-10-01,659,684.23998811442,622.6836746928484,747.4615966712221
2024-11-01,659,868.4537050096417,806.3625524863388,935.9382542597544
2024-12-01,659,1096.9111880124744,1035.1022262134518,1160.9356615346721
2025-01-01,659,1061.9628800579922,1000.221173820078,1131.0297632790341
2025-02-01,659,1036.1622763056362,969.7103575719932,1096.8620463456223
2025-03-01,659,890.826402738584,832.2327689725013,952.9120985345078
2025-04-01,659,717.7468867832995,656.3528245386487,780.2624865944155
2025-05-01,659,662.7315793876305,602.1599818726195,727.5659022567083
2025-06-01,659,620.4569544873443,556.2766891369362,682.5358990376743
2025-07-01,659,434.67216251675165,367.3108200185452,496.90655549595107
2025-08-01,659,551.3507282651315,482.50545117756064,619.9322214439429
2025-09-01,659,517.3679347316124,445.67261677790276,579.9367440521272
2024-10-01,682,515.9387339132662,474.63834750658447,556.827059734411
2024-11-01,682,709.822035064931,666.4861820747936,754.0809565391802
2024-12-01,682,833.9493664556633,788.5611536989464,875.3631483396825
2025-01-01,682,660.0956713866387,616.5582084912808,705.4413452929147
2025-02-01,682,709.4921387810875,662.9360943291698,751.284393758362
2025-03-01,682,623.6609175770163,579.8564222835699,668.4231579653502
2025-04-01,682,481.20770333975025,441.09069745293544,524.7727269834376
2025-05-01,682,446.2125582213866,400.3947605700254,490.4420964244879
2025-06-01,682,418.9403343118411,373.90164729814313,464.3358947226523
2025-07-01,682,251.13683653882066,210.28220007002074,294.71597741014335
2025-08-01,682,383.5611987623829,339.3187512129015,426.9102365102596
2025-09-01,682,348.47813498386137,305.58886539521166,391.02273135607595
2024-10-01,691,145.90447518799544,142.24416040489018,149.5196207620729
2024-11-01,691,158.4022422996007,154.38770026802177,162.25225150467796
2024-12-01,691,164.03543422639154,160.24264608123482,167.90612281230563
2025-01-01,691,160.1604315185568,156.41060041326136,164.16326021253823
2025-02-01,691,143.64990075674075,139.52499174585847,147.1199954324423
2025-03-01,691,147.6155433666007,143.8526800919872,151.55759150178912
2025-04-01,691,126.46799439015598,122.30063576128984,130.4185390800282
2025-05-01,691,124.10849012011319,120.16338024213479,128.42297168951887
2025-06-01,691,118.71479387111711,114.48100147218224,123.10212006320018
2025-07-01,691,107.04672159044652,103.00496881917262,111.17506657261741
2025-08-01,691,110.43617968310426,106.29800871877289,114.62410675452631
2025-09-01,691,108.60067017489466,104.59328946420828,113.05925597858378
2024-10-01,692,845.9677291438511,760.9981597307034,940.1857985858773
2024-11-01,692,983.5132959070233,893.8364074705927,1064.8154400277792
2024-12-01,692,682.0095049526738,600.5962729175241,770.3338657335228
2025-01-01,692,819.4345871298046,732.3306789535171,908.0009900836387
2025-02-01,692,830.7342266797438,743.4555432657763,918.6203557710487
2025-03-01,692,857.3594544653748,765.183868641457,943.9263733191054
2025-04-01,692,663.5856741695595,575.4486136785797,756.7109721663461
2025-05-01,692,672.6236107199161,580.5599792435597,762.8162836965982
2025-06-01,692,643.4899250236415,561.4615813683045,730.6174390430446
2025-07-01,692,397.55834092040874,314.50492757570515,482.76003254455486
2025-08-01,692,530.2847876152617,444.6205489283271,615.6455164714298
2025-09-01,692,510.07626228026584,424.9818953474742,595.8159538505946
2024-10-01,693,4083.887585389023,3804.474401145942,4372.493449791404
2024-11-01,693,5431.034299273417,5125.586922643786,5707.690609477167
2024-12-01,693,6412.974738300007,6132.587826815661,6712.678804126418
2025-01-01,693,6363.758819626344,6066.137805781876,6655.705061091779
2025-02-01,693,6218.482585343912,5921.978682837841,6509.120065720486
2025-03-01,693,5535.680712531773,5246.761185313331,5856.106998285791
2025-04-01,693,4426.298019793447,4115.505379785436,4731.043006181471
2025-05-01,693,3877.1025920216816,3579.456306550371,4191.354626019427
2025-06-01,693,3444.5039417177572,3139.7185376459347,3749.6469186885256
2025-07-01,693,2265.86402054787,1972.5996691653677,2578.1586360812666
2025-08-01,693,3064.065474811973,2764.0442896640297,3379.916784324121
2025-09-01,693,3050.716657386012,2725.7793960925615,3364.202450170524
2024-10-01,694,129.0177769713018,119.87232058774839,137.78064670076694
2024-11-01,694,125.84837683625992,116.46810331093204,135.11839143243128
2024-12-01,694,151.5129654741215,142.92753049891022,160.12329471676767
2025-01-01,694,148.00574686542492,138.45919937851232,156.84231189701924
2025-02-01,694,137.95453673486765,128.6763226571536,147.37003391108877
2025-03-01,694,127.06365999767183,118.2825436440886,136.80955087958466
2025-04-01,694,117.33319441499674,108.59457525572468,126.81611513890039
2025-05-01,694,127.04270225537394,118.3202812778255,135.99134342390377
2025-06-01,694,126.98216712368215,117.3406700427208,135.49437424487846
2025-07-01,694,117.14508330358078,107.67585423791738,126.12906268676434
2025-08-01,694,123.9223516952825,114.07689980890993,133.510928541363
2025-09-01,694,115.9281783842195,106.19457671488352,126.47115222843635
2024-10-01,695,669.348733401017,620.6651679843676,715.8775364999827
2024-11-01,695,861.4431093870068,812.5414580237788,912.6396102884194
2024-12-01,695,1061.819632114629,1014.113409900497,1116.2158386304366
2025-01-01,695,1025.706970753758,975.5362881493894,1075.9949350080833
2025-02-01,695,1011.7378459646797,959.1741931140766,1061.7376376653162
2025-03-01,695,891.8087744833202,845.4927476168754,943.2261808719992
2025-04-01,695,718.0360433777992,662.8783334864968,769.6079080194921
2025-05-01,695,655.2086423597108,601.110719900874,705.8081230623444
2025-06-01,695,613.3449867901979,561.5713286967199,666.0863455972838
2025-07-01,695,444.93003685750205,393.9469748988506,497.7969005595931
2025-08-01,695,549.4257195797597,495.8880536229023,602.7806770450483
2025-09-01,695,527.5042788197022,473.8940531304349,580.4716498884895
2024-10-01,697,57.578397819075704,46.73461779363899,68.87069594180265
2024-11-01,697,60.53497462027774,49.73085674559415,71.71356788020475
2024-12-01,697,132.1158408234472,121.1075144055603,143.32695185668678
2025-01-01,697,99.97623504471709,89.59141080393604,110.47237734889976
2025-02-01,697,86.77205255047554,75.43139401220589,97.87925670438355
2025-03-01,697,74.67352626442725,63.78061866804552,86.08542685670419
2025-04-01,697,68.14912241729682,57.1007442308601,79.14350208006363
2025-05-01,697,65.2902575915181,54.03793175402007,76.10201775193295
2025-06-01,697,62.00426312188253,50.8746550843183,73.17061171571498
2025-07-01,697,72.17348016240938,59.93691219241967,82.53229908403594
2025-08-01,697,67.73494536573665,57.185919529557744,79.09115098931338
2025-09-01,697,61.984592158151614,50.81043255451717,72.83025274226814
2024-10-01,698,335.7434610966088,258.25551382966745,414.3133426047522
2024-11-01,698,490.3441682199193,404.9135143329525,572.4832210514666
2024-12-01,698,904.1447669242705,823.9655832351062,988.7332971072948
2025-01-01,698,736.1258992545738,652.7482406924107,819.5647515332412
2025-02-01,698,712.7236318596676,634.0151874136652,799.1275885754158
2025-03-01,698,557.6541105743987,477.83447351840766,640.1451616965851
2025-04-01,698,441.3932683544043,356.95758262101657,523.5640262137719
2025-05-01,698,329.1617563696032,250.40851870866385,406.71322022966746
2025-06-01,698,263.88535466957507,177.15622792048686,336.6275382532635
2025-07-01,698,226.93322601658116,145.029768360668,308.7110161597982
2025-08-01,698,275.03589196850885,202.37294503181292,362.8522527763674
2025-09-01,698,266.03433385871324,182.24327185934655,348.43857701057146
2024-10-01,705,158.72708538787626,156.62099780647395,160.91063701395578
2024-11-01,705,160.31555465343087,158.21774646069872,162.49947071118018
2024-12-01,705,165.4710356986744,163.38852723089727,167.70847537883847
2025-01-01,705,172.40504659272875,170.0652249676357,174.60191317174124
2025-02-01,705,154.90905742837978,152.47926924922638,157.3049960809345
2025-03-01,705,162.3038774521009,159.60009420899374,164.66051636110723
2025-04-01,705,148.32382953939518,145.423667919646,151.05144427561473
2025-05-01,705,145.56135316579136,142.45675217589132,148.60847627350068
2025-06-01,705,135.0745227792308,131.4618934735542,138.3597622908675
2025-07-01,705,134.78519765961224,130.7595675910234,138.33362181827138
2025-08-01,705,138.55329409498836,133.9550108585729,142.4458088468822
2025-09-01,705,137.47645035756335,132.93656773750664,142.02510100908094
2024-10-01,706,417.8344589888358,407.4995834102491,427.12503695401887
2024-11-01,706,446.70112751489813,436.65306209714794,456.2396892351391
2024-12-01,706,440.14913709961974,431.0562949339819,450.32593477822087
2025-01-01,706,481.7373023405674,471.02018319144776,491.16127780169194
2025-02-01,706,448.1289783708991,438.2904103023887,457.7899324459267
2025-03-01,706,456.97899139512157,446.784350992364,466.8873993480051
2025-04-01,706,406.499916534478,395.05438922039696,417.0252956895114
2025-05-01,706,383.5068422260172,371.93694247412236,394.2879595233881
2025-06-01,706,351.2210933063743,339.11914411012344,362.5653366705723
2025-07-01,706,328.859343135642,315.97386757578664,340.645173226293
2025-08-01,706,352.43665726228403,338.5349138608284,365.50123506954833
2025-09-01,706,349.4616001793314,334.68215938778235,363.5341508509441
2024-10-01,707,147.02148640460146,144.02418541209386,150.11671935055355
2024-11-01,707,146.7725163138457,143.73005791634495,150.19470852117283
2024-12-01,707,153.96014325325274,150.57740871066062,157.0812753167714
2025-01-01,707,163.0076589040309,159.6531876552032,166.0881840307535
2025-02-01,707,141.11204314928045,137.74706807383967,144.24097736737232
2025-03-01,707,151.02647888424931,147.5295571041491,154.16966953776554
2025-04-01,707,139.15554294145153,135.55610964304634,142.70347645599392
2025-05-01,707,138.55819557313635,134.83844624168358,142.17835025920684
2025-06-01,707,129.3219463599296,125.50333513238743,133.09379842526613
2025-07-01,707,130.3423962742814,126.48240545601239,134.52377932526267
2025-08-01,707,133.61153346381226,129.26327018204287,137.85892917493626
2025-09-01,707,132.37513711811837,127.58269812270703,137.2189036987271
2024-10-01,708,458.50838063257675,441.2670005400586,475.49138834747123
2024-11-01,708,514.6276803673511,499.88150139209796,531.0187661750045
2024-12-01,708,566.7969136432874,550.8634127904844,583.7175425834525
2025-01-01,708,578.1987171309969,562.1952997362548,595.8668514181439
2025-02-01,708,530.0041041356146,513.5362777004298,546.7075020375239
2025-03-01,708,519.5282430611549,502.5016405966448,537.4202059088591
2025-04-01,708,456.520765256738,437.516968921189,472.9980016306817
2025-05-01,708,440.87996183813925,422.7482658515095,459.75871521855873
2025-06-01,708,405.9983147378982,387.6162886635857,423.30349928076544
2025-07-01,708,353.1694783911515,335.0828433025661,372.58871047623904
2025-08-01,708,400.1955927959476,380.12501994187096,419.6144133307474
2025-09-01,708,400.5699635338221,379.5529994356086,420.1280199799758
2024-10-01,709,130.871538309577,127.78960560772732,134.39781274706468
2024-11-01,709,130.71054340373132,127.41096125784065,134.0001467413295
2024-12-01,709,146.0403329945128,142.69358236421803,149.54759437327795
2025-01-01,709,156.91191286251063,153.1672032638414,160.580290037482
2025-02-01,709,133.7398364021507,129.93767709851818,137.41340574155086
2025-03-01,709,140.09765945501064,135.9464009938519,144.34707355033441
2025-04-01,709,130.24860548603868,125.87710434900502,134.45100273198773
2025-05-01,709,129.6801048603496,124.21085896485954,134.87356084747918
2025-06-01,709,122.02337317047574,116.39031454530415,127.49428844946515
2025-07-01,709,126.04349212455679,119.42258795990718,132.23126189711192
2025-08-01,709,127.46830684682394,120.70294312312834,134.72063601132558
2025-09-01,709,125.90999895467192,118.20202889412211,133.58820914734727
2024-10-01,738,693.2905242268415,642.2853414362284,745.232445516662
2024-11-01,738,887.2825098369086,836.0592264006239,938.9812978246742
2024-12-01,738,1029.3913009975993,979.3980114594142,1079.5906880378143
2025-01-01,738,998.8753351956385,948.4299036567467,1047.7079722310084
2025-02-01,738,958.5316579461278,906.2631548365508,1010.9176724554429
2025-03-01,738,847.4282875050312,794.3956632826984,901.6198568518136
2025-04-01,738,685.5981090222059,631.6928453400114,740.3304215697028
2025-05-01,738,638.9571348467954,585.8585368589767,692.9800646098057
2025-06-01,738,581.0512188670244,525.9609487664118,633.6625879506925
2025-07-01,738,399.5736230465822,344.79487615296506,455.88369283348777
2025-08-01,738,538.6460622863344,479.78216165471815,592.2721325285744
2025-09-01,738,510.95462546969753,455.908653922236,566.8665548248241
2024-10-01,740,16.188537768630738,-0.31010748662472243,33.04469955505681
2024-11-01,740,18.971302950199558,3.4195034612314736,36.18468883966697
2024-12-01,740,116.88088545520043,99.49600972318683,133.86101018070684
2025-01-01,740,90.89585358101161,73.3298931505695,106.66966626333101
2025-02-01,740,77.22493483254325,59.67085291449835,94.24342132191059
2025-03-01,740,44.76569397277362,29.793596386828295,61.54787810035458
2025-04-01,740,45.1256534978073,27.599340422843472,62.11564972556137
2025-05-01,740,40.743534416896544,24.2319082419883,56.51739979605648
2025-06-01,740,38.05077336922303,21.660341303417177,55.169764572531854
2025-07-01,740,65.87902104978548,49.134822797928784,82.45791642687449
2025-08-01,740,52.56038578707531,35.76465723453339,69.10676723744578
2025-09-01,740,36.56186306014936,20.167120794048248,54.19100058764856
2024-10-01,741,449.55358149177016,384.1773028115628,514.0426837566065
2024-11-01,741,599.1214819649501,536.5219524695744,661.8354566530764
2024-12-01,741,987.6424827681411,919.2497889899068,1047.442107037438
2025-01-01,741,848.6964151100236,782.1806857822614,912.7135113305555
2025-02-01,741,808.4813449900782,749.7472938718279,874.5887561545464
2025-03-01,741,647.9379098560319,586.1078879280082,713.9268283551108
2025-04-01,741,537.9191651072662,476.8543708515657,604.2122437084087
2025-05-01,741,437.7205317940518,377.1186086852766,500.6130457579733
2025-06-01,741,363.4234360982405,300.2937325560964,426.2962523416633
2025-07-01,741,295.9358500131621,230.18514970902388,359.9967800996696
2025-08-01,741,386.6923326218199,326.6291183464949,451.66914096568934
2025-09-01,741,350.71036404920574,288.8091126729919,416.3175323503748
