,measured_at,group_id,consumption
0,2024-10-01 00:00:00+00:00,28,3076.0796
1,2024-11-01 00:00:00+00:00,28,3660.1978
2,2024-12-01 00:00:00+00:00,28,4761.9844
3,2025-01-01 00:00:00+00:00,28,4942.7686
4,2025-02-01 00:00:00+00:00,28,4852.9165
5,2025-03-01 00:00:00+00:00,28,4854.2437
6,2025-04-01 00:00:00+00:00,28,3616.5576
7,2025-05-01 00:00:00+00:00,28,2462.8855
8,2025-06-01 00:00:00+00:00,28,1951.2382
9,2025-07-01 00:00:00+00:00,28,1740.8923
10,2025-08-01 00:00:00+00:00,28,1916.359
11,2025-09-01 00:00:00+00:00,28,1953.6649
12,2024-10-01 00:00:00+00:00,29,137.0965
13,2024-11-01 00:00:00+00:00,29,134.52538
14,2024-12-01 00:00:00+00:00,29,138.85872
15,2025-01-01 00:00:00+00:00,29,140.53265
16,2025-02-01 00:00:00+00:00,29,130.31119
17,2025-03-01 00:00:00+00:00,29,131.79526
18,2025-04-01 00:00:00+00:00,29,125.001114
19,2025-05-01 00:00:00+00:00,29,124.57474
20,2025-06-01 00:00:00+00:00,29,115.08017
21,2025-07-01 00:00:00+00:00,29,123.230064
22,2025-08-01 00:00:00+00:00,29,118.76489
23,2025-09-01 00:00:00+00:00,29,110.6757
24,2024-10-01 00:00:00+00:00,30,540.32294
25,2024-11-01 00:00:00+00:00,30,659.50165
26,2024-12-01 00:00:00+00:00,30,822.4686
27,2025-01-01 00:00:00+00:00,30,872.3121
28,2025-02-01 00:00:00+00:00,30,819.67706
29,2025-03-01 00:00:00+00:00,30,767.64417
30,2025-04-01 00:00:00+00:00,30,584.5619
31,2025-05-01 00:00:00+00:00,30,433.60947
32,2025-06-01 00:00:00+00:00,30,360.45322
33,2025-07-01 00:00:00+00:00,30,348.48975
34,2025-08-01 00:00:00+00:00,30,364.71246
35,2025-09-01 00:00:00+00:00,30,373.157
36,2024-10-01 00:00:00+00:00,36,349.68643
37,2024-11-01 00:00:00+00:00,36,400.78806
38,2024-12-01 00:00:00+00:00,36,432.671
39,2025-01-01 00:00:00+00:00,36,495.7142
40,2025-02-01 00:00:00+00:00,36,453.1764
41,2025-03-01 00:00:00+00:00,36,388.2493
42,2025-04-01 00:00:00+00:00,36,323.17883
43,2025-05-01 00:00:00+00:00,36,244.70421
44,2025-06-01 00:00:00+00:00,36,199.2279
45,2025-07-01 00:00:00+00:00,36,148.11415
46,2025-08-01 00:00:00+00:00,36,151.72025
47,2025-09-01 00:00:00+00:00,36,187.23238
48,2024-10-01 00:00:00+00:00,37,146.58319
49,2024-11-01 00:00:00+00:00,37,151.40964
50,2024-12-01 00:00:00+00:00,37,153.82512
51,2025-01-01 00:00:00+00:00,37,157.75885
52,2025-02-01 00:00:00+00:00,37,148.00021
53,2025-03-01 00:00:00+00:00,37,148.65399
54,2025-04-01 00:00:00+00:00,37,141.9359
55,2025-05-01 00:00:00+00:00,37,140.06049
56,2025-06-01 00:00:00+00:00,37,136.0412
57,2025-07-01 00:00:00+00:00,37,134.38266
58,2025-08-01 00:00:00+00:00,37,136.9447
59,2025-09-01 00:00:00+00:00,37,137.7628
60,2024-10-01 00:00:00+00:00,38,462.1592
61,2024-11-01 00:00:00+00:00,38,538.1857
62,2024-12-01 00:00:00+00:00,38,605.59357
63,2025-01-01 00:00:00+00:00,38,695.41095
64,2025-02-01 00:00:00+00:00,38,579.79144
65,2025-03-01 00:00:00+00:00,38,558.71985
66,2025-04-01 00:00:00+00:00,38,467.2914
67,2025-05-01 00:00:00+00:00,38,400.795
68,2025-06-01 00:00:00+00:00,38,329.82837
69,2025-07-01 00:00:00+00:00,38,331.51816
70,2025-08-01 00:00:00+00:00,38,341.5021
71,2025-09-01 00:00:00+00:00,38,355.92117
72,2024-10-01 00:00:00+00:00,39,148.8161
73,2024-11-01 00:00:00+00:00,39,151.40964
74,2024-12-01 00:00:00+00:00,39,153.82512
75,2025-01-01 00:00:00+00:00,39,159.28554
76,2025-02-01 00:00:00+00:00,39,150.23312
77,2025-03-01 00:00:00+00:00,39,150.8869
78,2025-04-01 00:00:00+00:00,39,141.9359
79,2025-05-01 00:00:00+00:00,39,140.06049
80,2025-06-01 00:00:00+00:00,39,136.0412
81,2025-07-01 00:00:00+00:00,39,134.36263
82,2025-08-01 00:00:00+00:00,39,136.9447
83,2025-09-01 00:00:00+00:00,39,138.71638
84,2024-10-01 00:00:00+00:00,40,148.8161
85,2024-11-01 00:00:00+00:00,40,154.01746
86,2024-12-01 00:00:00+00:00,40,153.82512
87,2025-01-01 00:00:00+00:00,40,158.08395
88,2025-02-01 00:00:00+00:00,40,150.23312
89,2025-03-01 00:00:00+00:00,40,148.65399
90,2025-04-01 00:00:00+00:00,40,140.7138
91,2025-05-01 00:00:00+00:00,40,136.95029
92,2025-06-01 00:00:00+00:00,40,127.65004
93,2025-07-01 00:00:00+00:00,40,130.11874
94,2025-08-01 00:00:00+00:00,40,133.92291
95,2025-09-01 00:00:00+00:00,40,135.60619
96,2024-10-01 00:00:00+00:00,41,484.99466
97,2024-11-01 00:00:00+00:00,41,571.8154
98,2024-12-01 00:00:00+00:00,41,637.0475
99,2025-01-01 00:00:00+00:00,41,710.85913
100,2025-02-01 00:00:00+00:00,41,611.24054
101,2025-03-01 00:00:00+00:00,41,573.0552
102,2025-04-01 00:00:00+00:00,41,488.00406
103,2025-05-01 00:00:00+00:00,41,410.1129
104,2025-06-01 00:00:00+00:00,41,346.83334
105,2025-07-01 00:00:00+00:00,41,352.76678
106,2025-08-01 00:00:00+00:00,41,364.61264
107,2025-09-01 00:00:00+00:00,41,370.3632
108,2024-10-01 00:00:00+00:00,42,132.34808
109,2024-11-01 00:00:00+00:00,42,137.0606
110,2024-12-01 00:00:00+00:00,42,141.55168
111,2025-01-01 00:00:00+00:00,42,142.9079
112,2025-02-01 00:00:00+00:00,42,132.8464
113,2025-03-01 00:00:00+00:00,42,134.33047
114,2025-04-01 00:00:00+00:00,42,127.294014
115,2025-05-01 00:00:00+00:00,42,126.64069
116,2025-06-01 00:00:00+00:00,42,125.30498
117,2025-07-01 00:00:00+00:00,42,123.221886
118,2025-08-01 00:00:00+00:00,42,122.90401
119,2025-09-01 00:00:00+00:00,42,124.67566
120,2024-10-01 00:00:00+00:00,43,396.83908
121,2024-11-01 00:00:00+00:00,43,437.6784
122,2024-12-01 00:00:00+00:00,43,511.21667
123,2025-01-01 00:00:00+00:00,43,526.13617
124,2025-02-01 00:00:00+00:00,43,470.50467
125,2025-03-01 00:00:00+00:00,43,462.19257
126,2025-04-01 00:00:00+00:00,43,409.0014
127,2025-05-01 00:00:00+00:00,43,372.82532
128,2025-06-01 00:00:00+00:00,43,322.74335
129,2025-07-01 00:00:00+00:00,43,311.62823
130,2025-08-01 00:00:00+00:00,43,319.38016
131,2025-09-01 00:00:00+00:00,43,325.1307
132,2024-10-01 00:00:00+00:00,73,422.02844
133,2024-11-01 00:00:00+00:00,73,501.49374
134,2024-12-01 00:00:00+00:00,73,581.5634
135,2025-01-01 00:00:00+00:00,73,737.70575
136,2025-02-01 00:00:00+00:00,73,607.51227
137,2025-03-01 00:00:00+00:00,73,592.5426
138,2025-04-01 00:00:00+00:00,73,492.94696
139,2025-05-01 00:00:00+00:00,73,406.3847
140,2025-06-01 00:00:00+00:00,73,329.322
141,2025-07-01 00:00:00+00:00,73,331.01178
142,2025-08-01 00:00:00+00:00,73,340.99573
143,2025-09-01 00:00:00+00:00,73,355.4148
144,2024-10-01 00:00:00+00:00,74,2828.8196
145,2024-11-01 00:00:00+00:00,74,3641.1982
146,2024-12-01 00:00:00+00:00,74,4451.9727
147,2025-01-01 00:00:00+00:00,74,4912.5605
148,2025-02-01 00:00:00+00:00,74,4862.5103
149,2025-03-01 00:00:00+00:00,74,4468.1187
150,2025-04-01 00:00:00+00:00,74,3602.1086
151,2025-05-01 00:00:00+00:00,74,2434.9111
152,2025-06-01 00:00:00+00:00,74,1872.0095
153,2025-07-01 00:00:00+00:00,74,1745.1255
154,2025-08-01 00:00:00+00:00,74,1910.3115
155,2025-09-01 00:00:00+00:00,74,1893.5538
156,2024-10-01 00:00:00+00:00,76,550.2351
157,2024-11-01 00:00:00+00:00,76,738.4544
158,2024-12-01 00:00:00+00:00,76,882.50354
159,2025-01-01 00:00:00+00:00,76,903.73615
160,2025-02-01 00:00:00+00:00,76,832.5718
161,2025-03-01 00:00:00+00:00,76,812.1459
162,2025-04-01 00:00:00+00:00,76,725.3096
163,2025-05-01 00:00:00+00:00,76,509.6637
164,2025-06-01 00:00:00+00:00,76,379.49658
165,2025-07-01 00:00:00+00:00,76,370.1873
166,2025-08-01 00:00:00+00:00,76,381.54294
167,2025-09-01 00:00:00+00:00,76,394.4313
168,2024-10-01 00:00:00+00:00,116,550.2351
169,2024-11-01 00:00:00+00:00,116,732.39874
170,2024-12-01 00:00:00+00:00,116,875.5871
171,2025-01-01 00:00:00+00:00,116,903.73615
172,2025-02-01 00:00:00+00:00,116,830.3434
173,2025-03-01 00:00:00+00:00,116,780.3341
174,2025-04-01 00:00:00+00:00,116,629.58575
175,2025-05-01 00:00:00+00:00,116,458.71518
176,2025-06-01 00:00:00+00:00,116,389.47342
177,2025-07-01 00:00:00+00:00,116,379.5052
178,2025-08-01 00:00:00+00:00,116,390.86084
179,2025-09-01 00:00:00+00:00,116,421.20328
180,2024-10-01 00:00:00+00:00,149,473.8907
181,2024-11-01 00:00:00+00:00,149,579.1666
182,2024-12-01 00:00:00+00:00,149,687.7587
183,2025-01-01 00:00:00+00:00,149,875.9458
184,2025-02-01 00:00:00+00:00,149,768.69385
185,2025-03-01 00:00:00+00:00,149,749.4544
186,2025-04-01 00:00:00+00:00,149,580.3971
187,2025-05-01 00:00:00+00:00,149,452.52396
188,2025-06-01 00:00:00+00:00,149,348.22272
189,2025-07-01 00:00:00+00:00,149,321.46234
190,2025-08-01 00:00:00+00:00,149,353.23358
191,2025-09-01 00:00:00+00:00,149,395.06268
192,2024-10-01 00:00:00+00:00,150,3089.45
193,2024-11-01 00:00:00+00:00,150,4018.3596
194,2024-12-01 00:00:00+00:00,150,5059.0913
195,2025-01-01 00:00:00+00:00,150,5159.3354
196,2025-02-01 00:00:00+00:00,150,5068.6147
197,2025-03-01 00:00:00+00:00,150,5032.2207
198,2025-04-01 00:00:00+00:00,150,3646.9224
199,2025-05-01 00:00:00+00:00,150,2593.757
200,2025-06-01 00:00:00+00:00,150,1893.0986
201,2025-07-01 00:00:00+00:00,150,1748.848
202,2025-08-01 00:00:00+00:00,150,1943.0298
203,2025-09-01 00:00:00+00:00,150,2033.0024
204,2024-10-01 00:00:00+00:00,151,138.69089
205,2024-11-01 00:00:00+00:00,151,137.92177
206,2024-12-01 00:00:00+00:00,151,141.22908
207,2025-01-01 00:00:00+00:00,151,137.67276
208,2025-02-01 00:00:00+00:00,151,127.61123
209,2025-03-01 00:00:00+00:00,151,133.91869
210,2025-04-01 00:00:00+00:00,151,127.25146
211,2025-05-01 00:00:00+00:00,151,111.65795
212,2025-06-01 00:00:00+00:00,151,108.38789
213,2025-07-01 00:00:00+00:00,151,119.40148
214,2025-08-01 00:00:00+00:00,151,105.706764
215,2025-09-01 00:00:00+00:00,151,117.7525
216,2024-10-01 00:00:00+00:00,152,1148.6171
217,2024-11-01 00:00:00+00:00,152,1375.3503
218,2024-12-01 00:00:00+00:00,152,1787.2383
219,2025-01-01 00:00:00+00:00,152,1773.7377
220,2025-02-01 00:00:00+00:00,152,1579.8944
221,2025-03-01 00:00:00+00:00,152,1329.5923
222,2025-04-01 00:00:00+00:00,152,1059.6588
223,2025-05-01 00:00:00+00:00,152,906.7678
224,2025-06-01 00:00:00+00:00,152,744.9487
225,2025-07-01 00:00:00+00:00,152,621.25366
226,2025-08-01 00:00:00+00:00,152,658.1192
227,2025-09-01 00:00:00+00:00,152,752.628
228,2024-10-01 00:00:00+00:00,157,138.69089
229,2024-11-01 00:00:00+00:00,157,143.66531
230,2024-12-01 00:00:00+00:00,157,142.64197
231,2025-01-01 00:00:00+00:00,157,153.31483
232,2025-02-01 00:00:00+00:00,157,143.6172
233,2025-03-01 00:00:00+00:00,157,141.87076
234,2025-04-01 00:00:00+00:00,157,130.36166
235,2025-05-01 00:00:00+00:00,157,126.82509
236,2025-06-01 00:00:00+00:00,157,124.02125
237,2025-07-01 00:00:00+00:00,157,121.93815
238,2025-08-01 00:00:00+00:00,157,130.20572
239,2025-09-01 00:00:00+00:00,157,125.569374
240,2024-10-01 00:00:00+00:00,196,143.61441
241,2024-11-01 00:00:00+00:00,196,151.99722
242,2024-12-01 00:00:00+00:00,196,153.80565
243,2025-01-01 00:00:00+00:00,196,161.60242
244,2025-02-01 00:00:00+00:00,196,149.07301
245,2025-03-01 00:00:00+00:00,196,149.23738
246,2025-04-01 00:00:00+00:00,196,140.02689
247,2025-05-01 00:00:00+00:00,196,131.15736
248,2025-06-01 00:00:00+00:00,196,129.2138
249,2025-07-01 00:00:00+00:00,196,129.42334
250,2025-08-01 00:00:00+00:00,196,133.22751
251,2025-09-01 00:00:00+00:00,196,128.59117
252,2024-10-01 00:00:00+00:00,197,406.7563
253,2024-11-01 00:00:00+00:00,197,451.4311
254,2024-12-01 00:00:00+00:00,197,505.1508
255,2025-01-01 00:00:00+00:00,197,539.06964
256,2025-02-01 00:00:00+00:00,197,479.04047
257,2025-03-01 00:00:00+00:00,197,489.1351
258,2025-04-01 00:00:00+00:00,197,424.34497
259,2025-05-01 00:00:00+00:00,197,384.45676
260,2025-06-01 00:00:00+00:00,197,320.83865
261,2025-07-01 00:00:00+00:00,197,309.72354
262,2025-08-01 00:00:00+00:00,197,320.77994
263,2025-09-01 00:00:00+00:00,197,359.1655
264,2024-10-01 00:00:00+00:00,198,1710.6892
265,2024-11-01 00:00:00+00:00,198,2033.2792
266,2024-12-01 00:00:00+00:00,198,2533.863
267,2025-01-01 00:00:00+00:00,198,2689.271
268,2025-02-01 00:00:00+00:00,198,2278.9133
269,2025-03-01 00:00:00+00:00,198,2203.0652
270,2025-04-01 00:00:00+00:00,198,1930.346
271,2025-05-01 00:00:00+00:00,198,1253.0494
272,2025-06-01 00:00:00+00:00,198,997.9778
273,2025-07-01 00:00:00+00:00,198,961.74493
274,2025-08-01 00:00:00+00:00,198,1067.9636
275,2025-09-01 00:00:00+00:00,198,1006.3692
276,2024-10-01 00:00:00+00:00,199,139.5937
277,2024-11-01 00:00:00+00:00,199,145.0782
278,2024-12-01 00:00:00+00:00,199,143.97797
279,2025-01-01 00:00:00+00:00,199,157.5595
280,2025-02-01 00:00:00+00:00,199,143.6172
281,2025-03-01 00:00:00+00:00,199,140.83943
282,2025-04-01 00:00:00+00:00,199,132.07481
283,2025-05-01 00:00:00+00:00,199,126.82509
284,2025-06-01 00:00:00+00:00,199,123.93284
285,2025-07-01 00:00:00+00:00,199,126.40153
286,2025-08-01 00:00:00+00:00,199,130.20572
287,2025-09-01 00:00:00+00:00,199,125.569374
288,2024-10-01 00:00:00+00:00,200,452.03397
289,2024-11-01 00:00:00+00:00,200,517.9613
290,2024-12-01 00:00:00+00:00,200,571.94183
291,2025-01-01 00:00:00+00:00,200,610.1503
292,2025-02-01 00:00:00+00:00,200,520.2284
293,2025-03-01 00:00:00+00:00,200,501.5554
294,2025-04-01 00:00:00+00:00,200,441.31546
295,2025-05-01 00:00:00+00:00,200,396.76584
296,2025-06-01 00:00:00+00:00,200,343.11615
297,2025-07-01 00:00:00+00:00,200,349.0496
298,2025-08-01 00:00:00+00:00,200,360.89545
299,2025-09-01 00:00:00+00:00,200,370.21478
300,2024-10-01 00:00:00+00:00,201,125.38623
301,2024-11-01 00:00:00+00:00,201,126.84999
302,2024-12-01 00:00:00+00:00,201,127.43558
303,2025-01-01 00:00:00+00:00,201,135.71913
304,2025-02-01 00:00:00+00:00,201,125.657585
305,2025-03-01 00:00:00+00:00,201,127.14169
306,2025-04-01 00:00:00+00:00,201,120.10525
307,2025-05-01 00:00:00+00:00,201,118.38381
308,2025-06-01 00:00:00+00:00,201,105.35573
309,2025-07-01 00:00:00+00:00,201,115.49033
310,2025-08-01 00:00:00+00:00,201,117.399185
311,2025-09-01 00:00:00+00:00,201,112.76282
312,2024-10-01 00:00:00+00:00,213,487.25113
313,2024-11-01 00:00:00+00:00,213,572.64703
314,2024-12-01 00:00:00+00:00,213,670.65576
315,2025-01-01 00:00:00+00:00,213,855.24475
316,2025-02-01 00:00:00+00:00,213,714.031
317,2025-03-01 00:00:00+00:00,213,598.8362
318,2025-04-01 00:00:00+00:00,213,515.8612
319,2025-05-01 00:00:00+00:00,213,372.52628
320,2025-06-01 00:00:00+00:00,213,285.6442
321,2025-07-01 00:00:00+00:00,213,281.52386
322,2025-08-01 00:00:00+00:00,213,318.8263
323,2025-09-01 00:00:00+00:00,213,335.17377
324,2024-10-01 00:00:00+00:00,222,424.63162
325,2024-11-01 00:00:00+00:00,222,499.40405
326,2024-12-01 00:00:00+00:00,222,553.3842
327,2025-01-01 00:00:00+00:00,222,587.38165
328,2025-02-01 00:00:00+00:00,222,499.21133
329,2025-03-01 00:00:00+00:00,222,462.75775
330,2025-04-01 00:00:00+00:00,222,369.31668
331,2025-05-01 00:00:00+00:00,222,270.21103
332,2025-06-01 00:00:00+00:00,222,233.40744
333,2025-07-01 00:00:00+00:00,222,193.3965
334,2025-08-01 00:00:00+00:00,222,188.69037
335,2025-09-01 00:00:00+00:00,222,211.15982
336,2024-10-01 00:00:00+00:00,225,279.89542
337,2024-11-01 00:00:00+00:00,225,382.0446
338,2024-12-01 00:00:00+00:00,225,412.20068
339,2025-01-01 00:00:00+00:00,225,460.17706
340,2025-02-01 00:00:00+00:00,225,416.31903
341,2025-03-01 00:00:00+00:00,225,349.39438
342,2025-04-01 00:00:00+00:00,225,296.9554
343,2025-05-01 00:00:00+00:00,225,230.67616
344,2025-06-01 00:00:00+00:00,225,167.29153
345,2025-07-01 00:00:00+00:00,225,147.68982
346,2025-08-01 00:00:00+00:00,225,152.44353
347,2025-09-01 00:00:00+00:00,225,146.07495
348,2024-10-01 00:00:00+00:00,231,134.12848
349,2024-11-01 00:00:00+00:00,231,137.00516
350,2024-12-01 00:00:00+00:00,231,145.7326
351,2025-01-01 00:00:00+00:00,231,153.01083
352,2025-02-01 00:00:00+00:00,231,135.54416
353,2025-03-01 00:00:00+00:00,231,135.90211
354,2025-04-01 00:00:00+00:00,231,122.288605
355,2025-05-01 00:00:00+00:00,231,113.47105
356,2025-06-01 00:00:00+00:00,231,117.65107
357,2025-07-01 00:00:00+00:00,231,115.93579
358,2025-08-01 00:00:00+00:00,231,118.55456
359,2025-09-01 00:00:00+00:00,231,112.21532
360,2024-10-01 00:00:00+00:00,233,1642.8999
361,2024-11-01 00:00:00+00:00,233,2026.9938
362,2024-12-01 00:00:00+00:00,233,2529.9167
363,2025-01-01 00:00:00+00:00,233,2682.3657
364,2025-02-01 00:00:00+00:00,233,2427.3035
365,2025-03-01 00:00:00+00:00,233,2323.9487
366,2025-04-01 00:00:00+00:00,233,1953.6732
367,2025-05-01 00:00:00+00:00,233,1246.764
368,2025-06-01 00:00:00+00:00,233,990.0908
369,2025-07-01 00:00:00+00:00,233,959.7682
370,2025-08-01 00:00:00+00:00,233,1060.0767
371,2025-09-01 00:00:00+00:00,233,996.0336
372,2024-10-01 00:00:00+00:00,234,135.54137
373,2024-11-01 00:00:00+00:00,234,132.98445
374,2024-12-01 00:00:00+00:00,234,135.90492
375,2025-01-01 00:00:00+00:00,234,140.86035
376,2025-02-01 00:00:00+00:00,234,129.57503
377,2025-03-01 00:00:00+00:00,234,130.2288
378,2025-04-01 00:00:00+00:00,234,119.17842
379,2025-05-01 00:00:00+00:00,234,112.2644
380,2025-06-01 00:00:00+00:00,234,116.35601
381,2025-07-01 00:00:00+00:00,234,111.037994
382,2025-08-01 00:00:00+00:00,234,117.933624
383,2025-09-01 00:00:00+00:00,234,110.92026
384,2024-10-01 00:00:00+00:00,235,556.2798
385,2024-11-01 00:00:00+00:00,235,712.19977
386,2024-12-01 00:00:00+00:00,235,843.1961
387,2025-01-01 00:00:00+00:00,235,871.7383
388,2025-02-01 00:00:00+00:00,235,807.59344
389,2025-03-01 00:00:00+00:00,235,779.97015
390,2025-04-01 00:00:00+00:00,235,611.55756
391,2025-05-01 00:00:00+00:00,235,438.53195
392,2025-06-01 00:00:00+00:00,235,362.5356
393,2025-07-01 00:00:00+00:00,235,355.38525
394,2025-08-01 00:00:00+00:00,235,366.0425
395,2025-09-01 00:00:00+00:00,235,389.72986
396,2024-10-01 00:00:00+00:00,237,97.641754
397,2024-11-01 00:00:00+00:00,237,99.105515
398,2024-12-01 00:00:00+00:00,237,96.66927
399,2025-01-01 00:00:00+00:00,237,98.38379
400,2025-02-01 00:00:00+00:00,237,91.98664
401,2025-03-01 00:00:00+00:00,237,99.01291
402,2025-04-01 00:00:00+00:00,237,97.641754
403,2025-05-01 00:00:00+00:00,237,97.21538
404,2025-06-01 00:00:00+00:00,237,101.30699
405,2025-07-01 00:00:00+00:00,237,96.58857
406,2025-08-01 00:00:00+00:00,237,96.66834
407,2025-09-01 00:00:00+00:00,237,90.3291
408,2024-10-01 00:00:00+00:00,238,437.2376
409,2024-11-01 00:00:00+00:00,238,547.4812
410,2024-12-01 00:00:00+00:00,238,610.7034
411,2025-01-01 00:00:00+00:00,238,731.7108
412,2025-02-01 00:00:00+00:00,238,588.4012
413,2025-03-01 00:00:00+00:00,238,587.7956
414,2025-04-01 00:00:00+00:00,238,470.10693
415,2025-05-01 00:00:00+00:00,238,373.47238
416,2025-06-01 00:00:00+00:00,238,310.6456
417,2025-07-01 00:00:00+00:00,238,302.2704
418,2025-08-01 00:00:00+00:00,238,312.95898
419,2025-09-01 00:00:00+00:00,238,349.64166
420,2024-10-01 00:00:00+00:00,270,128.38493
421,2024-11-01 00:00:00+00:00,270,129.84872
422,2024-12-01 00:00:00+00:00,270,133.15604
423,2025-01-01 00:00:00+00:00,270,136.58478
424,2025-02-01 00:00:00+00:00,270,124.36151
425,2025-03-01 00:00:00+00:00,270,125.35458
426,2025-04-01 00:00:00+00:00,270,121.33503
427,2025-05-01 00:00:00+00:00,270,113.47105
428,2025-06-01 00:00:00+00:00,270,117.65107
429,2025-07-01 00:00:00+00:00,270,115.93579
430,2025-08-01 00:00:00+00:00,270,118.55456
431,2025-09-01 00:00:00+00:00,270,112.21532
432,2024-10-01 00:00:00+00:00,271,463.88504
433,2024-11-01 00:00:00+00:00,271,547.4812
434,2024-12-01 00:00:00+00:00,271,610.7034
435,2025-01-01 00:00:00+00:00,271,681.92725
436,2025-02-01 00:00:00+00:00,271,588.4012
437,2025-03-01 00:00:00+00:00,271,550.22015
438,2025-04-01 00:00:00+00:00,271,463.44568
439,2025-05-01 00:00:00+00:00,271,407.2809
440,2025-06-01 00:00:00+00:00,271,355.87274
441,2025-07-01 00:00:00+00:00,271,351.57327
442,2025-08-01 00:00:00+00:00,271,366.0425
443,2025-09-01 00:00:00+00:00,271,355.92133
444,2024-10-01 00:00:00+00:00,295,194.63693
445,2024-11-01 00:00:00+00:00,295,301.02975
446,2024-12-01 00:00:00+00:00,295,383.07178
447,2025-01-01 00:00:00+00:00,295,435.75897
448,2025-02-01 00:00:00+00:00,295,383.77
449,2025-03-01 00:00:00+00:00,295,331.9199
450,2025-04-01 00:00:00+00:00,295,262.43845
451,2025-05-01 00:00:00+00:00,295,201.62425
452,2025-06-01 00:00:00+00:00,295,154.69286
453,2025-07-01 00:00:00+00:00,295,146.45795
454,2025-08-01 00:00:00+00:00,295,155.45631
455,2025-09-01 00:00:00+00:00,295,149.08774
456,2024-10-01 00:00:00+00:00,298,127.27435
457,2024-11-01 00:00:00+00:00,298,129.22922
458,2024-12-01 00:00:00+00:00,298,138.33258
459,2025-01-01 00:00:00+00:00,298,141.76132
460,2025-02-01 00:00:00+00:00,298,127.63415
461,2025-03-01 00:00:00+00:00,298,129.11824
462,2025-04-01 00:00:00+00:00,298,122.94207
463,2025-05-01 00:00:00+00:00,298,117.23471
464,2025-06-01 00:00:00+00:00,298,121.414734
465,2025-07-01 00:00:00+00:00,298,119.69945
466,2025-08-01 00:00:00+00:00,298,122.31822
467,2025-09-01 00:00:00+00:00,298,115.97898
468,2024-10-01 00:00:00+00:00,301,137.38618
469,2024-11-01 00:00:00+00:00,301,142.36061
470,2024-12-01 00:00:00+00:00,301,141.33727
471,2025-01-01 00:00:00+00:00,301,147.30359
472,2025-02-01 00:00:00+00:00,301,138.57628
473,2025-03-01 00:00:00+00:00,301,136.99715
474,2025-04-01 00:00:00+00:00,301,129.05696
475,2025-05-01 00:00:00+00:00,301,125.52037
476,2025-06-01 00:00:00+00:00,301,124.331
477,2025-07-01 00:00:00+00:00,301,127.1675
478,2025-08-01 00:00:00+00:00,301,125.3229
479,2025-09-01 00:00:00+00:00,301,118.98366
480,2024-10-01 00:00:00+00:00,302,450.493
481,2024-11-01 00:00:00+00:00,302,556.9246
482,2024-12-01 00:00:00+00:00,302,715.3212
483,2025-01-01 00:00:00+00:00,302,851.54626
484,2025-02-01 00:00:00+00:00,302,741.7413
485,2025-03-01 00:00:00+00:00,302,725.2026
486,2025-04-01 00:00:00+00:00,302,549.2707
487,2025-05-01 00:00:00+00:00,302,407.62683
488,2025-06-01 00:00:00+00:00,302,358.60947
489,2025-07-01 00:00:00+00:00,302,337.6703
490,2025-08-01 00:00:00+00:00,302,362.5179
491,2025-09-01 00:00:00+00:00,302,370.13437
492,2024-10-01 00:00:00+00:00,303,3036.041
493,2024-11-01 00:00:00+00:00,303,3898.9734
494,2024-12-01 00:00:00+00:00,303,5017.5103
495,2025-01-01 00:00:00+00:00,303,5240.006
496,2025-02-01 00:00:00+00:00,303,4995.272
497,2025-03-01 00:00:00+00:00,303,5208.6343
498,2025-04-01 00:00:00+00:00,303,3623.6523
499,2025-05-01 00:00:00+00:00,303,2458.5808
500,2025-06-01 00:00:00+00:00,303,1968.7968
501,2025-07-01 00:00:00+00:00,303,1738.2292
502,2025-08-01 00:00:00+00:00,303,1934.084
503,2025-09-01 00:00:00+00:00,303,1975.8387
504,2024-10-01 00:00:00+00:00,304,123.968834
505,2024-11-01 00:00:00+00:00,304,127.05735
506,2024-12-01 00:00:00+00:00,304,136.16075
507,2025-01-01 00:00:00+00:00,304,139.5895
508,2025-02-01 00:00:00+00:00,304,124.24018
509,2025-03-01 00:00:00+00:00,304,122.61411
510,2025-04-01 00:00:00+00:00,304,115.48925
511,2025-05-01 00:00:00+00:00,304,115.15128
512,2025-06-01 00:00:00+00:00,304,118.62196
513,2025-07-01 00:00:00+00:00,304,116.90668
514,2025-08-01 00:00:00+00:00,304,119.52545
515,2025-09-01 00:00:00+00:00,304,99.30846
516,2024-10-01 00:00:00+00:00,305,1087.7965
517,2024-11-01 00:00:00+00:00,305,1284.7649
518,2024-12-01 00:00:00+00:00,305,1863.1715
519,2025-01-01 00:00:00+00:00,305,1872.3618
520,2025-02-01 00:00:00+00:00,305,1563.433
521,2025-03-01 00:00:00+00:00,305,1366.7035
522,2025-04-01 00:00:00+00:00,305,1055.0009
523,2025-05-01 00:00:00+00:00,305,847.6176
524,2025-06-01 00:00:00+00:00,305,748.1269
525,2025-07-01 00:00:00+00:00,305,656.8483
526,2025-08-01 00:00:00+00:00,305,726.79565
527,2025-09-01 00:00:00+00:00,305,727.84375
528,2024-10-01 00:00:00+00:00,307,100.48042
529,2024-11-01 00:00:00+00:00,307,103.796074
530,2024-12-01 00:00:00+00:00,307,112.55649
531,2025-01-01 00:00:00+00:00,307,113.948975
532,2025-02-01 00:00:00+00:00,307,95.63279
533,2025-03-01 00:00:00+00:00,307,99.01606
534,2025-04-01 00:00:00+00:00,307,100.48042
535,2025-05-01 00:00:00+00:00,307,97.21853
536,2025-06-01 00:00:00+00:00,307,104.14566
537,2025-07-01 00:00:00+00:00,307,96.59172
538,2025-08-01 00:00:00+00:00,307,96.67149
539,2025-09-01 00:00:00+00:00,307,90.33225
540,2024-10-01 00:00:00+00:00,308,435.04358
541,2024-11-01 00:00:00+00:00,308,509.81577
542,2024-12-01 00:00:00+00:00,308,607.5137
543,2025-01-01 00:00:00+00:00,308,718.48834
544,2025-02-01 00:00:00+00:00,308,587.77057
545,2025-03-01 00:00:00+00:00,308,561.1059
546,2025-04-01 00:00:00+00:00,308,466.28436
547,2025-05-01 00:00:00+00:00,308,363.49872
548,2025-06-01 00:00:00+00:00,308,315.85638
549,2025-07-01 00:00:00+00:00,308,304.73322
550,2025-08-01 00:00:00+00:00,308,312.96216
551,2025-09-01 00:00:00+00:00,308,336.27527
552,2024-10-01 00:00:00+00:00,346,128.57425
553,2024-11-01 00:00:00+00:00,346,134.4212
554,2024-12-01 00:00:00+00:00,346,137.72852
555,2025-01-01 00:00:00+00:00,346,142.57014
556,2025-02-01 00:00:00+00:00,346,132.81151
557,2025-03-01 00:00:00+00:00,346,134.80128
558,2025-04-01 00:00:00+00:00,346,128.08319
559,2025-05-01 00:00:00+00:00,346,126.43472
560,2025-06-01 00:00:00+00:00,346,127.41614
561,2025-07-01 00:00:00+00:00,346,127.99345
562,2025-08-01 00:00:00+00:00,346,130.47624
563,2025-09-01 00:00:00+00:00,346,121.98039
564,2024-10-01 00:00:00+00:00,347,128.08319
565,2024-11-01 00:00:00+00:00,347,130.03804
566,2024-12-01 00:00:00+00:00,347,135.1207
567,2025-01-01 00:00:00+00:00,347,136.4051
568,2025-02-01 00:00:00+00:00,347,127.22085
569,2025-03-01 00:00:00+00:00,347,129.92706
570,2025-04-01 00:00:00+00:00,347,123.75091
571,2025-05-01 00:00:00+00:00,347,123.32453
572,2025-06-01 00:00:00+00:00,347,121.435905
573,2025-07-01 00:00:00+00:00,347,124.184
574,2025-08-01 00:00:00+00:00,347,127.62037
575,2025-09-01 00:00:00+00:00,347,121.98039
576,2024-10-01 00:00:00+00:00,348,450.18515
577,2024-11-01 00:00:00+00:00,348,501.77744
578,2024-12-01 00:00:00+00:00,348,570.0931
579,2025-01-01 00:00:00+00:00,348,603.52344
580,2025-02-01 00:00:00+00:00,348,519.1439
581,2025-03-01 00:00:00+00:00,348,529.20325
582,2025-04-01 00:00:00+00:00,348,467.54855
583,2025-05-01 00:00:00+00:00,348,394.91702
584,2025-06-01 00:00:00+00:00,348,365.0083
585,2025-07-01 00:00:00+00:00,348,363.1685
586,2025-08-01 00:00:00+00:00,348,372.1869
587,2025-09-01 00:00:00+00:00,348,368.04807
588,2024-10-01 00:00:00+00:00,378,3160.0432
589,2024-11-01 00:00:00+00:00,378,3980.2283
590,2024-12-01 00:00:00+00:00,378,5171.291
591,2025-01-01 00:00:00+00:00,378,5593.091
592,2025-02-01 00:00:00+00:00,378,5301.9277
593,2025-03-01 00:00:00+00:00,378,5319.08
594,2025-04-01 00:00:00+00:00,378,3685.1523
595,2025-05-01 00:00:00+00:00,378,2526.6267
596,2025-06-01 00:00:00+00:00,378,2092.7068
597,2025-07-01 00:00:00+00:00,378,1823.7078
598,2025-08-01 00:00:00+00:00,378,2078.8245
599,2025-09-01 00:00:00+00:00,378,2128.5361
600,2024-10-01 00:00:00+00:00,380,534.52295
601,2024-11-01 00:00:00+00:00,380,667.8819
602,2024-12-01 00:00:00+00:00,380,860.6914
603,2025-01-01 00:00:00+00:00,380,916.50934
604,2025-02-01 00:00:00+00:00,380,826.49005
605,2025-03-01 00:00:00+00:00,380,801.56396
606,2025-04-01 00:00:00+00:00,380,609.0624
607,2025-05-01 00:00:00+00:00,380,430.136
608,2025-06-01 00:00:00+00:00,380,371.67117
609,2025-07-01 00:00:00+00:00,380,363.1685
610,2025-08-01 00:00:00+00:00,380,372.1869
611,2025-09-01 00:00:00+00:00,380,369.8265
612,2024-10-01 00:00:00+00:00,385,406.368
613,2024-11-01 00:00:00+00:00,385,461.93094
614,2024-12-01 00:00:00+00:00,385,503.3021
615,2025-01-01 00:00:00+00:00,385,534.4526
616,2025-02-01 00:00:00+00:00,385,484.36673
617,2025-03-01 00:00:00+00:00,385,472.07904
618,2025-04-01 00:00:00+00:00,385,416.84286
619,2025-05-01 00:00:00+00:00,385,342.9349
620,2025-06-01 00:00:00+00:00,385,306.40387
621,2025-07-01 00:00:00+00:00,385,301.59146
622,2025-08-01 00:00:00+00:00,385,322.09454
623,2025-09-01 00:00:00+00:00,385,319.73416
624,2024-10-01 00:00:00+00:00,387,406.368
625,2024-11-01 00:00:00+00:00,387,432.05493
626,2024-12-01 00:00:00+00:00,387,463.0851
627,2025-01-01 00:00:00+00:00,387,496.5564
628,2025-02-01 00:00:00+00:00,387,451.09607
629,2025-03-01 00:00:00+00:00,387,453.6937
630,2025-04-01 00:00:00+00:00,387,376.37146
631,2025-05-01 00:00:00+00:00,387,319.42194
632,2025-06-01 00:00:00+00:00,387,290.35062
633,2025-07-01 00:00:00+00:00,387,286.61066
634,2025-08-01 00:00:00+00:00,387,315.91046
635,2025-09-01 00:00:00+00:00,387,319.73416
636,2024-10-01 00:00:00+00:00,390,374.4782
637,2024-11-01 00:00:00+00:00,390,423.1465
638,2024-12-01 00:00:00+00:00,390,463.4555
639,2025-01-01 00:00:00+00:00,390,480.7996
640,2025-02-01 00:00:00+00:00,390,422.02493
641,2025-03-01 00:00:00+00:00,390,362.35175
642,2025-04-01 00:00:00+00:00,390,303.0265
643,2025-05-01 00:00:00+00:00,390,226.68404
644,2025-06-01 00:00:00+00:00,390,193.14433
645,2025-07-01 00:00:00+00:00,390,159.83815
646,2025-08-01 00:00:00+00:00,390,164.59186
647,2025-09-01 00:00:00+00:00,390,158.22328
648,2024-10-01 00:00:00+00:00,391,2425.6272
649,2024-11-01 00:00:00+00:00,391,2923.5015
650,2024-12-01 00:00:00+00:00,391,3603.5486
651,2025-01-01 00:00:00+00:00,391,3633.6086
652,2025-02-01 00:00:00+00:00,391,3055.333
653,2025-03-01 00:00:00+00:00,391,3009.703
654,2025-04-01 00:00:00+00:00,391,2450.1277
655,2025-05-01 00:00:00+00:00,391,1777.472
656,2025-06-01 00:00:00+00:00,391,1378.4161
657,2025-07-01 00:00:00+00:00,391,1255.9042
658,2025-08-01 00:00:00+00:00,391,1416.2958
659,2025-09-01 00:00:00+00:00,391,1355.9614
660,2024-10-01 00:00:00+00:00,393,281.879
661,2024-11-01 00:00:00+00:00,393,369.7713
662,2024-12-01 00:00:00+00:00,393,401.7674
663,2025-01-01 00:00:00+00:00,393,454.27277
664,2025-02-01 00:00:00+00:00,393,414.02258
665,2025-03-01 00:00:00+00:00,393,367.13983
666,2025-04-01 00:00:00+00:00,393,304.42288
667,2025-05-01 00:00:00+00:00,393,218.51517
668,2025-06-01 00:00:00+00:00,393,184.97546
669,2025-07-01 00:00:00+00:00,393,151.66928
670,2025-08-01 00:00:00+00:00,393,156.42299
671,2025-09-01 00:00:00+00:00,393,150.05441
672,2024-10-01 00:00:00+00:00,394,2217.015
673,2024-11-01 00:00:00+00:00,394,2457.0034
674,2024-12-01 00:00:00+00:00,394,2646.6501
675,2025-01-01 00:00:00+00:00,394,2808.708
676,2025-02-01 00:00:00+00:00,394,2607.4255
677,2025-03-01 00:00:00+00:00,394,2581.6523
678,2025-04-01 00:00:00+00:00,394,2442.1824
679,2025-05-01 00:00:00+00:00,394,1957.9712
680,2025-06-01 00:00:00+00:00,394,1665.9207
681,2025-07-01 00:00:00+00:00,394,1787.2412
682,2025-08-01 00:00:00+00:00,394,1956.5748
683,2025-09-01 00:00:00+00:00,394,1833.2915
684,2024-10-01 00:00:00+00:00,395,1777.4546
685,2024-11-01 00:00:00+00:00,395,2411.4277
686,2024-12-01 00:00:00+00:00,395,2895.5298
687,2025-01-01 00:00:00+00:00,395,3571.33
688,2025-02-01 00:00:00+00:00,395,2894.444
689,2025-03-01 00:00:00+00:00,395,2666.0378
690,2025-04-01 00:00:00+00:00,395,2216.8723
691,2025-05-01 00:00:00+00:00,395,1162.6957
692,2025-06-01 00:00:00+00:00,395,1005.516
693,2025-07-01 00:00:00+00:00,395,915.2926
694,2025-08-01 00:00:00+00:00,395,1075.5016
695,2025-09-01 00:00:00+00:00,395,1006.6431
696,2024-10-01 00:00:00+00:00,396,143.0164
697,2024-11-01 00:00:00+00:00,396,148.41933
698,2024-12-01 00:00:00+00:00,396,152.90211
699,2025-01-01 00:00:00+00:00,396,156.65596
700,2025-02-01 00:00:00+00:00,396,146.95833
701,2025-03-01 00:00:00+00:00,396,151.16562
702,2025-04-01 00:00:00+00:00,396,137.27286
703,2025-05-01 00:00:00+00:00,396,131.97224
704,2025-06-01 00:00:00+00:00,396,134.84177
705,2025-07-01 00:00:00+00:00,396,133.53099
706,2025-08-01 00:00:00+00:00,396,136.96736
707,2025-09-01 00:00:00+00:00,396,129.40605
708,2024-10-01 00:00:00+00:00,397,411.77365
709,2024-11-01 00:00:00+00:00,397,464.20953
710,2024-12-01 00:00:00+00:00,397,505.5807
711,2025-01-01 00:00:00+00:00,397,540.97736
712,2025-02-01 00:00:00+00:00,397,481.61255
713,2025-03-01 00:00:00+00:00,397,474.35764
714,2025-04-01 00:00:00+00:00,397,416.5952
715,2025-05-01 00:00:00+00:00,397,365.72058
716,2025-06-01 00:00:00+00:00,397,321.9056
717,2025-07-01 00:00:00+00:00,397,313.61795
718,2025-08-01 00:00:00+00:00,397,347.5204
719,2025-09-01 00:00:00+00:00,397,345.16
720,2024-10-01 00:00:00+00:00,398,144.42929
721,2024-11-01 00:00:00+00:00,398,148.41933
722,2024-12-01 00:00:00+00:00,398,152.90211
723,2025-01-01 00:00:00+00:00,398,156.65596
724,2025-02-01 00:00:00+00:00,398,146.95833
725,2025-03-01 00:00:00+00:00,398,152.5785
726,2025-04-01 00:00:00+00:00,398,139.50577
727,2025-05-01 00:00:00+00:00,398,136.84647
728,2025-06-01 00:00:00+00:00,398,134.84177
729,2025-07-01 00:00:00+00:00,398,133.53099
730,2025-08-01 00:00:00+00:00,398,137.48778
731,2025-09-01 00:00:00+00:00,398,130.62814
732,2024-10-01 00:00:00+00:00,399,384.6209
733,2024-11-01 00:00:00+00:00,399,422.77393
734,2024-12-01 00:00:00+00:00,399,480.09387
735,2025-01-01 00:00:00+00:00,399,496.1838
736,2025-02-01 00:00:00+00:00,399,442.51443
737,2025-03-01 00:00:00+00:00,399,454.73596
738,2025-04-01 00:00:00+00:00,399,416.5952
739,2025-05-01 00:00:00+00:00,399,365.72058
740,2025-06-01 00:00:00+00:00,399,321.9056
741,2025-07-01 00:00:00+00:00,399,313.61795
742,2025-08-01 00:00:00+00:00,399,339.64133
743,2025-09-01 00:00:00+00:00,399,345.16
744,2024-10-01 00:00:00+00:00,400,1667.8499
745,2024-11-01 00:00:00+00:00,400,2095.215
746,2024-12-01 00:00:00+00:00,400,2724.96
747,2025-01-01 00:00:00+00:00,400,3263.3096
748,2025-02-01 00:00:00+00:00,400,2766.0818
749,2025-03-01 00:00:00+00:00,400,2512.4185
750,2025-04-01 00:00:00+00:00,400,2156.5989
751,2025-05-01 00:00:00+00:00,400,1271.7454
752,2025-06-01 00:00:00+00:00,400,1088.119
753,2025-07-01 00:00:00+00:00,400,988.39453
754,2025-08-01 00:00:00+00:00,400,1145.2295
755,2025-09-01 00:00:00+00:00,400,977.5297
756,2024-10-01 00:00:00+00:00,401,142.0992
757,2024-11-01 00:00:00+00:00,401,143.43805
758,2024-12-01 00:00:00+00:00,401,143.7507
759,2025-01-01 00:00:00+00:00,401,148.38103
760,2025-02-01 00:00:00+00:00,401,140.78212
761,2025-03-01 00:00:00+00:00,401,143.81813
762,2025-04-01 00:00:00+00:00,401,136.35565
763,2025-05-01 00:00:00+00:00,401,131.05504
764,2025-06-01 00:00:00+00:00,401,130.81436
765,2025-07-01 00:00:00+00:00,401,131.3917
766,2025-08-01 00:00:00+00:00,401,136.05016
767,2025-09-01 00:00:00+00:00,401,128.48885
768,2024-10-01 00:00:00+00:00,402,431.63892
769,2024-11-01 00:00:00+00:00,402,477.6521
770,2024-12-01 00:00:00+00:00,402,524.0531
771,2025-01-01 00:00:00+00:00,402,577.9133
772,2025-02-01 00:00:00+00:00,402,467.75934
773,2025-03-01 00:00:00+00:00,402,498.41678
774,2025-04-01 00:00:00+00:00,402,438.3018
775,2025-05-01 00:00:00+00:00,402,393.75217
776,2025-06-01 00:00:00+00:00,402,363.84344
777,2025-07-01 00:00:00+00:00,402,338.65723
778,2025-08-01 00:00:00+00:00,402,371.02203
779,2025-09-01 00:00:00+00:00,402,368.66165
780,2024-10-01 00:00:00+00:00,403,1483.1577
781,2024-11-01 00:00:00+00:00,403,1861.0383
782,2024-12-01 00:00:00+00:00,403,2394.7178
783,2025-01-01 00:00:00+00:00,403,3161.2979
784,2025-02-01 00:00:00+00:00,403,2711.6528
785,2025-03-01 00:00:00+00:00,403,2444.2883
786,2025-04-01 00:00:00+00:00,403,1938.9458
787,2025-05-01 00:00:00+00:00,403,995.38763
788,2025-06-01 00:00:00+00:00,403,896.50195
789,2025-07-01 00:00:00+00:00,403,803.2639
790,2025-08-01 00:00:00+00:00,403,936.27
791,2025-09-01 00:00:00+00:00,403,891.55664
792,2024-10-01 00:00:00+00:00,404,121.46829
793,2024-11-01 00:00:00+00:00,404,123.506386
794,2024-12-01 00:00:00+00:00,404,125.98128
795,2025-01-01 00:00:00+00:00,404,129.35373
796,2025-02-01 00:00:00+00:00,404,119.29219
797,2025-03-01 00:00:00+00:00,404,123.88652
798,2025-04-01 00:00:00+00:00,404,119.05735
799,2025-05-01 00:00:00+00:00,404,112.65072
800,2025-06-01 00:00:00+00:00,404,116.74233
801,2025-07-01 00:00:00+00:00,404,115.02705
802,2025-08-01 00:00:00+00:00,404,117.64582
803,2025-09-01 00:00:00+00:00,404,111.30658
804,2024-10-01 00:00:00+00:00,405,375.61194
805,2024-11-01 00:00:00+00:00,405,422.67337
806,2024-12-01 00:00:00+00:00,405,469.8997
807,2025-01-01 00:00:00+00:00,405,510.01053
808,2025-02-01 00:00:00+00:00,405,415.13907
809,2025-03-01 00:00:00+00:00,405,445.727
810,2025-04-01 00:00:00+00:00,405,386.0868
811,2025-05-01 00:00:00+00:00,405,356.7116
812,2025-06-01 00:00:00+00:00,405,312.89664
813,2025-07-01 00:00:00+00:00,405,304.60898
814,2025-08-01 00:00:00+00:00,405,329.8429
815,2025-09-01 00:00:00+00:00,405,336.15103
816,2024-10-01 00:00:00+00:00,447,134.00743
817,2024-11-01 00:00:00+00:00,447,136.75917
818,2024-12-01 00:00:00+00:00,447,144.3014
819,2025-01-01 00:00:00+00:00,447,149.24046
820,2025-02-01 00:00:00+00:00,447,136.71106
821,2025-03-01 00:00:00+00:00,447,139.50546
822,2025-04-01 00:00:00+00:00,447,123.880684
823,2025-05-01 00:00:00+00:00,447,120.7876
824,2025-06-01 00:00:00+00:00,447,122.722595
825,2025-07-01 00:00:00+00:00,447,123.29989
826,2025-08-01 00:00:00+00:00,447,123.62608
827,2025-09-01 00:00:00+00:00,447,112.00584
828,2024-10-01 00:00:00+00:00,450,130.4968
829,2024-11-01 00:00:00+00:00,450,131.83565
830,2024-12-01 00:00:00+00:00,450,133.13773
831,2025-01-01 00:00:00+00:00,450,140.61436
832,2025-02-01 00:00:00+00:00,450,129.32904
833,2025-03-01 00:00:00+00:00,450,125.59965
834,2025-04-01 00:00:00+00:00,450,119.05735
835,2025-05-01 00:00:00+00:00,450,118.630974
836,2025-06-01 00:00:00+00:00,450,122.722595
837,2025-07-01 00:00:00+00:00,450,122.34632
838,2025-08-01 00:00:00+00:00,450,122.92683
839,2025-09-01 00:00:00+00:00,450,111.30658
840,2024-10-01 00:00:00+00:00,459,135.42032
841,2024-11-01 00:00:00+00:00,459,136.75917
842,2024-12-01 00:00:00+00:00,459,140.05675
843,2025-01-01 00:00:00+00:00,459,140.61436
844,2025-02-01 00:00:00+00:00,459,132.69035
845,2025-03-01 00:00:00+00:00,459,138.30388
846,2025-04-01 00:00:00+00:00,459,128.26389
847,2025-05-01 00:00:00+00:00,459,123.45431
848,2025-06-01 00:00:00+00:00,459,125.832794
849,2025-07-01 00:00:00+00:00,459,124.52198
850,2025-08-01 00:00:00+00:00,459,127.95838
851,2025-09-01 00:00:00+00:00,459,121.61912
852,2024-10-01 00:00:00+00:00,460,402.76468
853,2024-11-01 00:00:00+00:00,460,452.54938
854,2024-12-01 00:00:00+00:00,460,492.73532
855,2025-01-01 00:00:00+00:00,460,506.90265
856,2025-02-01 00:00:00+00:00,460,461.16898
857,2025-03-01 00:00:00+00:00,460,462.69748
858,2025-04-01 00:00:00+00:00,460,407.58624
859,2025-05-01 00:00:00+00:00,460,356.7116
860,2025-06-01 00:00:00+00:00,460,312.89664
861,2025-07-01 00:00:00+00:00,460,330.56546
862,2025-08-01 00:00:00+00:00,460,351.88098
863,2025-09-01 00:00:00+00:00,460,350.59305
864,2024-10-01 00:00:00+00:00,466,362.2304
865,2024-11-01 00:00:00+00:00,466,392.2655
866,2024-12-01 00:00:00+00:00,466,439.72702
867,2025-01-01 00:00:00+00:00,466,487.17484
868,2025-02-01 00:00:00+00:00,466,440.29965
869,2025-03-01 00:00:00+00:00,466,444.31213
870,2025-04-01 00:00:00+00:00,466,370.10602
871,2025-05-01 00:00:00+00:00,466,352.89963
872,2025-06-01 00:00:00+00:00,466,312.89664
873,2025-07-01 00:00:00+00:00,466,304.60898
874,2025-08-01 00:00:00+00:00,466,312.83792
875,2025-09-01 00:00:00+00:00,466,310.47754
876,2024-10-01 00:00:00+00:00,468,128.26389
877,2024-11-01 00:00:00+00:00,468,135.34628
878,2024-12-01 00:00:00+00:00,468,132.32469
879,2025-01-01 00:00:00+00:00,468,144.9958
880,2025-02-01 00:00:00+00:00,468,132.76353
881,2025-03-01 00:00:00+00:00,468,129.98282
882,2025-04-01 00:00:00+00:00,468,122.16755
883,2025-05-01 00:00:00+00:00,468,113.349976
884,2025-06-01 00:00:00+00:00,468,116.23494
885,2025-07-01 00:00:00+00:00,468,115.19378
886,2025-08-01 00:00:00+00:00,468,117.81255
887,2025-09-01 00:00:00+00:00,468,111.47331
888,2024-10-01 00:00:00+00:00,469,525.26654
889,2024-11-01 00:00:00+00:00,469,650.74097
890,2024-12-01 00:00:00+00:00,469,791.61816
891,2025-01-01 00:00:00+00:00,469,870.97687
892,2025-02-01 00:00:00+00:00,469,773.0243
893,2025-03-01 00:00:00+00:00,469,744.638
894,2025-04-01 00:00:00+00:00,469,599.80597
895,2025-05-01 00:00:00+00:00,469,431.87634
896,2025-06-01 00:00:00+00:00,469,372.3914
897,2025-07-01 00:00:00+00:00,469,360.71503
898,2025-08-01 00:00:00+00:00,469,365.92145
899,2025-09-01 00:00:00+00:00,469,371.36447
900,2024-10-01 00:00:00+00:00,538,215.19688
901,2024-11-01 00:00:00+00:00,538,300.78375
902,2024-12-01 00:00:00+00:00,538,399.71054
903,2025-01-01 00:00:00+00:00,538,478.22845
904,2025-02-01 00:00:00+00:00,538,440.29965
905,2025-03-01 00:00:00+00:00,538,374.319
906,2025-04-01 00:00:00+00:00,538,297.78796
907,2025-05-01 00:00:00+00:00,538,217.42744
908,2025-06-01 00:00:00+00:00,538,174.42793
909,2025-07-01 00:00:00+00:00,538,150.58156
910,2025-08-01 00:00:00+00:00,538,155.33527
911,2025-09-01 00:00:00+00:00,538,148.96669
912,2024-10-01 00:00:00+00:00,541,118.524826
913,2024-11-01 00:00:00+00:00,541,122.80713
914,2024-12-01 00:00:00+00:00,541,132.32469
915,2025-01-01 00:00:00+00:00,541,142.45822
916,2025-02-01 00:00:00+00:00,541,124.96049
917,2025-03-01 00:00:00+00:00,541,122.93293
918,2025-04-01 00:00:00+00:00,541,113.77635
919,2025-05-01 00:00:00+00:00,541,112.143326
920,2025-06-01 00:00:00+00:00,541,114.24567
921,2025-07-01 00:00:00+00:00,541,111.60225
922,2025-08-01 00:00:00+00:00,541,113.5469
923,2025-09-01 00:00:00+00:00,541,90.89336
924,2024-10-01 00:00:00+00:00,542,528.84424
925,2024-11-01 00:00:00+00:00,542,654.31866
926,2024-12-01 00:00:00+00:00,542,864.1672
927,2025-01-01 00:00:00+00:00,542,910.96576
928,2025-02-01 00:00:00+00:00,542,816.43774
929,2025-03-01 00:00:00+00:00,542,791.4086
930,2025-04-01 00:00:00+00:00,542,603.38367
931,2025-05-01 00:00:00+00:00,542,414.8752
932,2025-06-01 00:00:00+00:00,542,344.7436
933,2025-07-01 00:00:00+00:00,542,334.14313
934,2025-08-01 00:00:00+00:00,542,356.5311
935,2025-09-01 00:00:00+00:00,542,364.14755
936,2024-10-01 00:00:00+00:00,561,427.12482
937,2024-11-01 00:00:00+00:00,561,517.18353
938,2024-12-01 00:00:00+00:00,561,606.0088
939,2025-01-01 00:00:00+00:00,561,738.75885
940,2025-02-01 00:00:00+00:00,561,588.18695
941,2025-03-01 00:00:00+00:00,561,546.36633
942,2025-04-01 00:00:00+00:00,561,429.21915
943,2025-05-01 00:00:00+00:00,561,324.21783
944,2025-06-01 00:00:00+00:00,561,256.63647
945,2025-07-01 00:00:00+00:00,561,254.14848
946,2025-08-01 00:00:00+00:00,561,342.08908
947,2025-09-01 00:00:00+00:00,561,301.25146
948,2024-10-01 00:00:00+00:00,570,417.85486
949,2024-11-01 00:00:00+00:00,570,486.70358
950,2024-12-01 00:00:00+00:00,570,553.0213
951,2025-01-01 00:00:00+00:00,570,611.9617
952,2025-02-01 00:00:00+00:00,570,496.3624
953,2025-03-01 00:00:00+00:00,570,491.29404
954,2025-04-01 00:00:00+00:00,570,407.54724
955,2025-05-01 00:00:00+00:00,570,307.155
956,2025-06-01 00:00:00+00:00,570,281.52823
957,2025-07-01 00:00:00+00:00,570,248.68066
958,2025-08-01 00:00:00+00:00,570,329.20468
959,2025-09-01 00:00:00+00:00,570,309.83932
960,2024-10-01 00:00:00+00:00,573,210.05934
961,2024-11-01 00:00:00+00:00,573,287.09805
962,2024-12-01 00:00:00+00:00,573,313.5156
963,2025-01-01 00:00:00+00:00,573,359.8796
964,2025-02-01 00:00:00+00:00,573,292.3775
965,2025-03-01 00:00:00+00:00,573,276.4229
966,2025-04-01 00:00:00+00:00,573,225.98358
967,2025-05-01 00:00:00+00:00,573,167.35031
968,2025-06-01 00:00:00+00:00,573,142.73875
969,2025-07-01 00:00:00+00:00,573,133.543
970,2025-08-01 00:00:00+00:00,573,185.27867
971,2025-09-01 00:00:00+00:00,573,146.01004
972,2024-10-01 00:00:00+00:00,577,551.93054
973,2024-11-01 00:00:00+00:00,577,733.05457
974,2024-12-01 00:00:00+00:00,577,886.4964
975,2025-01-01 00:00:00+00:00,577,960.814
976,2025-02-01 00:00:00+00:00,577,866.286
977,2025-03-01 00:00:00+00:00,577,777.3036
978,2025-04-01 00:00:00+00:00,577,626.47
979,2025-05-01 00:00:00+00:00,577,452.88705
980,2025-06-01 00:00:00+00:00,577,389.07855
981,2025-07-01 00:00:00+00:00,577,366.6432
982,2025-08-01 00:00:00+00:00,577,389.59427
983,2025-09-01 00:00:00+00:00,577,399.54297
984,2024-10-01 00:00:00+00:00,580,504.76334
985,2024-11-01 00:00:00+00:00,580,615.4601
986,2024-12-01 00:00:00+00:00,580,801.27484
987,2025-01-01 00:00:00+00:00,580,918.4462
988,2025-02-01 00:00:00+00:00,580,827.20734
989,2025-03-01 00:00:00+00:00,580,777.3036
990,2025-04-01 00:00:00+00:00,580,592.8403
991,2025-05-01 00:00:00+00:00,580,446.2258
992,2025-06-01 00:00:00+00:00,580,389.07855
993,2025-07-01 00:00:00+00:00,580,366.6432
994,2025-08-01 00:00:00+00:00,580,379.61743
995,2025-09-01 00:00:00+00:00,580,399.54297
996,2024-10-01 00:00:00+00:00,581,1636.6108
997,2024-11-01 00:00:00+00:00,581,2026.7651
998,2024-12-01 00:00:00+00:00,581,2517.8965
999,2025-01-01 00:00:00+00:00,581,2660.5273
1000,2025-02-01 00:00:00+00:00,581,2332.2825
1001,2025-03-01 00:00:00+00:00,581,2351.7424
1002,2025-04-01 00:00:00+00:00,581,1938.4484
1003,2025-05-01 00:00:00+00:00,581,1161.1143
1004,2025-06-01 00:00:00+00:00,581,982.5339
1005,2025-07-01 00:00:00+00:00,581,974.8347
1006,2025-08-01 00:00:00+00:00,581,1091.811
1007,2025-09-01 00:00:00+00:00,581,1027.563
1008,2024-10-01 00:00:00+00:00,582,136.15446
1009,2024-11-01 00:00:00+00:00,582,141.51402
1010,2024-12-01 00:00:00+00:00,582,147.24292
1011,2025-01-01 00:00:00+00:00,582,158.03824
1012,2025-02-01 00:00:00+00:00,582,145.50883
1013,2025-03-01 00:00:00+00:00,582,139.50816
1014,2025-04-01 00:00:00+00:00,582,124.94599
1015,2025-05-01 00:00:00+00:00,582,112.48398
1016,2025-06-01 00:00:00+00:00,582,107.51801
1017,2025-07-01 00:00:00+00:00,582,114.9338
1018,2025-08-01 00:00:00+00:00,582,116.47485
1019,2025-09-01 00:00:00+00:00,582,93.821304
1020,2024-10-01 00:00:00+00:00,583,537.2578
1021,2024-11-01 00:00:00+00:00,583,724.4375
1022,2024-12-01 00:00:00+00:00,583,864.86676
1023,2025-01-01 00:00:00+00:00,583,874.77136
1024,2025-02-01 00:00:00+00:00,583,816.65454
1025,2025-03-01 00:00:00+00:00,583,762.63086
1026,2025-04-01 00:00:00+00:00,583,611.79724
1027,2025-05-01 00:00:00+00:00,583,438.5239
1028,2025-06-01 00:00:00+00:00,583,384.38263
1029,2025-07-01 00:00:00+00:00,583,372.70627
1030,2025-08-01 00:00:00+00:00,583,387.2306
1031,2025-09-01 00:00:00+00:00,583,405.41202
1032,2024-10-01 00:00:00+00:00,585,100.35371
1033,2024-11-01 00:00:00+00:00,585,101.692535
1034,2024-12-01 00:00:00+00:00,585,110.306595
1035,2025-01-01 00:00:00+00:00,585,128.17137
1036,2025-02-01 00:00:00+00:00,585,116.46206
1037,2025-03-01 00:00:00+00:00,585,104.31875
1038,2025-04-01 00:00:00+00:00,585,100.35371
1039,2025-05-01 00:00:00+00:00,585,99.92733
1040,2025-06-01 00:00:00+00:00,585,104.01894
1041,2025-07-01 00:00:00+00:00,585,100.08078
1042,2025-08-01 00:00:00+00:00,585,99.38029
1043,2025-09-01 00:00:00+00:00,585,93.041046
1044,2024-10-01 00:00:00+00:00,586,449.1078
1045,2024-11-01 00:00:00+00:00,586,559.2268
1046,2024-12-01 00:00:00+00:00,586,663.0358
1047,2025-01-01 00:00:00+00:00,586,809.29224
1048,2025-02-01 00:00:00+00:00,586,710.74
1049,2025-03-01 00:00:00+00:00,586,633.1709
1050,2025-04-01 00:00:00+00:00,586,516.6911
1051,2025-05-01 00:00:00+00:00,586,375.36572
1052,2025-06-01 00:00:00+00:00,586,315.89612
1053,2025-07-01 00:00:00+00:00,586,303.79648
1054,2025-08-01 00:00:00+00:00,586,324.82916
1055,2025-09-01 00:00:00+00:00,586,322.46878
1056,2024-10-01 00:00:00+00:00,622,135.25165
1057,2024-11-01 00:00:00+00:00,622,140.10114
1058,2024-12-01 00:00:00+00:00,622,136.07924
1059,2025-01-01 00:00:00+00:00,622,149.75066
1060,2025-02-01 00:00:00+00:00,622,140.05302
1061,2025-03-01 00:00:00+00:00,622,139.2094
1062,2025-04-01 00:00:00+00:00,622,129.93478
1063,2025-05-01 00:00:00+00:00,622,125.71578
1064,2025-06-01 00:00:00+00:00,622,125.674355
1065,2025-07-01 00:00:00+00:00,622,128.05476
1066,2025-08-01 00:00:00+00:00,622,130.71089
1067,2025-09-01 00:00:00+00:00,622,122.39521
1068,2024-10-01 00:00:00+00:00,623,387.60318
1069,2024-11-01 00:00:00+00:00,623,434.6646
1070,2024-12-01 00:00:00+00:00,623,480.0776
1071,2025-01-01 00:00:00+00:00,623,518.894
1072,2025-02-01 00:00:00+00:00,623,466.89886
1073,2025-03-01 00:00:00+00:00,623,474.68872
1074,2025-04-01 00:00:00+00:00,623,425.23077
1075,2025-05-01 00:00:00+00:00,623,368.70285
1076,2025-06-01 00:00:00+00:00,623,324.88788
1077,2025-07-01 00:00:00+00:00,623,333.6052
1078,2025-08-01 00:00:00+00:00,623,342.6236
1079,2025-09-01 00:00:00+00:00,623,361.51184
1080,2024-10-01 00:00:00+00:00,624,133.01874
1081,2024-11-01 00:00:00+00:00,624,134.35759
1082,2024-12-01 00:00:00+00:00,624,132.05853
1083,2025-01-01 00:00:00+00:00,624,142.50653
1084,2025-02-01 00:00:00+00:00,624,128.87044
1085,2025-03-01 00:00:00+00:00,624,129.57425
1086,2025-04-01 00:00:00+00:00,624,126.14216
1087,2025-05-01 00:00:00+00:00,624,121.58274
1088,2025-06-01 00:00:00+00:00,624,119.61958
1089,2025-07-01 00:00:00+00:00,624,123.147934
1090,2025-08-01 00:00:00+00:00,624,125.80407
1091,2025-09-01 00:00:00+00:00,624,119.46483
1092,2024-10-01 00:00:00+00:00,625,452.91977
1093,2024-11-01 00:00:00+00:00,625,504.38712
1094,2024-12-01 00:00:00+00:00,625,569.7045
1095,2025-01-01 00:00:00+00:00,625,600.105
1096,2025-02-01 00:00:00+00:00,625,514.98376
1097,2025-03-01 00:00:00+00:00,625,502.31625
1098,2025-04-01 00:00:00+00:00,625,457.88126
1099,2025-05-01 00:00:00+00:00,625,397.65164
1100,2025-06-01 00:00:00+00:00,625,367.74292
1101,2025-07-01 00:00:00+00:00,625,355.92627
1102,2025-08-01 00:00:00+00:00,625,374.9215
1103,2025-09-01 00:00:00+00:00,625,372.56113
1104,2024-10-01 00:00:00+00:00,626,121.23534
1105,2024-11-01 00:00:00+00:00,626,122.57418
1106,2024-12-01 00:00:00+00:00,626,122.04621
1107,2025-01-01 00:00:00+00:00,626,128.94516
1108,2025-02-01 00:00:00+00:00,626,123.02421
1109,2025-03-01 00:00:00+00:00,626,123.72808
1110,2025-04-01 00:00:00+00:00,626,115.954346
1111,2025-05-01 00:00:00+00:00,626,115.52797
1112,2025-06-01 00:00:00+00:00,626,119.61958
1113,2025-07-01 00:00:00+00:00,626,118.684555
1114,2025-08-01 00:00:00+00:00,626,120.68981
1115,2025-09-01 00:00:00+00:00,626,114.18384
1116,2024-10-01 00:00:00+00:00,657,3025.2202
1117,2024-11-01 00:00:00+00:00,657,3890.756
1118,2024-12-01 00:00:00+00:00,657,5075.905
1119,2025-01-01 00:00:00+00:00,657,5213.268
1120,2025-02-01 00:00:00+00:00,657,4896.1816
1121,2025-03-01 00:00:00+00:00,657,4902.751
1122,2025-04-01 00:00:00+00:00,657,3574.8687
1123,2025-05-01 00:00:00+00:00,657,2431.5542
1124,2025-06-01 00:00:00+00:00,657,1974.4213
1125,2025-07-01 00:00:00+00:00,657,1753.2552
1126,2025-08-01 00:00:00+00:00,657,1963.946
1127,2025-09-01 00:00:00+00:00,657,1997.5735
1128,2024-10-01 00:00:00+00:00,658,125.36838
1129,2024-11-01 00:00:00+00:00,658,122.57418
1130,2024-12-01 00:00:00+00:00,658,122.04621
1131,2025-01-01 00:00:00+00:00,658,128.4541
1132,2025-02-01 00:00:00+00:00,658,117.74323
1133,2025-03-01 00:00:00+00:00,658,117.67331
1134,2025-04-01 00:00:00+00:00,658,102.74941
1135,2025-05-01 00:00:00+00:00,658,100.47114
1136,2025-06-01 00:00:00+00:00,658,116.93717
1137,2025-07-01 00:00:00+00:00,658,114.5302
1138,2025-08-01 00:00:00+00:00,658,102.49098
1139,2025-09-01 00:00:00+00:00,658,93.041046
1140,2024-10-01 00:00:00+00:00,659,537.2578
1141,2024-11-01 00:00:00+00:00,659,718.38184
1142,2024-12-01 00:00:00+00:00,659,861.19556
1143,2025-01-01 00:00:00+00:00,659,911.18256
1144,2025-02-01 00:00:00+00:00,659,816.65454
1145,2025-03-01 00:00:00+00:00,659,790.7147
1146,2025-04-01 00:00:00+00:00,659,623.42804
1147,2025-05-01 00:00:00+00:00,659,438.5239
1148,2025-06-01 00:00:00+00:00,659,384.38263
1149,2025-07-01 00:00:00+00:00,659,369.7151
1150,2025-08-01 00:00:00+00:00,659,377.9127
1151,2025-09-01 00:00:00+00:00,659,380.1006
1152,2024-10-01 00:00:00+00:00,682,452.91977
1153,2024-11-01 00:00:00+00:00,682,525.5971
1154,2024-12-01 00:00:00+00:00,682,648.6957
1155,2025-01-01 00:00:00+00:00,682,747.1724
1156,2025-02-01 00:00:00+00:00,682,596.6005
1157,2025-03-01 00:00:00+00:00,682,531.94446
1158,2025-04-01 00:00:00+00:00,682,419.57748
1159,2025-05-01 00:00:00+00:00,682,303.88675
1160,2025-06-01 00:00:00+00:00,682,276.61356
1161,2025-07-01 00:00:00+00:00,682,258.33905
1162,2025-08-01 00:00:00+00:00,682,298.7682
1163,2025-09-01 00:00:00+00:00,682,306.7194
1164,2024-10-01 00:00:00+00:00,691,141.45546
1165,2024-11-01 00:00:00+00:00,691,144.20721
1166,2024-12-01 00:00:00+00:00,691,149.93611
1167,2025-01-01 00:00:00+00:00,691,155.72507
1168,2025-02-01 00:00:00+00:00,691,143.4928
1169,2025-03-01 00:00:00+00:00,691,137.43086
1170,2025-04-01 00:00:00+00:00,691,128.83534
1171,2025-05-01 00:00:00+00:00,691,124.27594
1172,2025-06-01 00:00:00+00:00,691,122.31278
1173,2025-07-01 00:00:00+00:00,691,125.84112
1174,2025-08-01 00:00:00+00:00,691,123.21626
1175,2025-09-01 00:00:00+00:00,691,116.87702
1176,2024-10-01 00:00:00+00:00,692,493.17905
1177,2024-11-01 00:00:00+00:00,692,575.8387
1178,2024-12-01 00:00:00+00:00,692,788.1509
1179,2025-01-01 00:00:00+00:00,692,907.1775
1180,2025-02-01 00:00:00+00:00,692,819.30273
1181,2025-03-01 00:00:00+00:00,692,776.45856
1182,2025-04-01 00:00:00+00:00,692,595.5913
1183,2025-05-01 00:00:00+00:00,692,422.74225
1184,2025-06-01 00:00:00+00:00,692,373.72488
1185,2025-07-01 00:00:00+00:00,692,355.8253
1186,2025-08-01 00:00:00+00:00,692,377.63333
1187,2025-09-01 00:00:00+00:00,692,385.2498
1188,2024-10-01 00:00:00+00:00,693,3042.61
1189,2024-11-01 00:00:00+00:00,693,3886.9465
1190,2024-12-01 00:00:00+00:00,693,5073.5327
1191,2025-01-01 00:00:00+00:00,693,5221.674
1192,2025-02-01 00:00:00+00:00,693,4915.4224
1193,2025-03-01 00:00:00+00:00,693,5084.9414
1194,2025-04-01 00:00:00+00:00,693,3464.9556
1195,2025-05-01 00:00:00+00:00,693,2438.2397
1196,2025-06-01 00:00:00+00:00,693,1994.2046
1197,2025-07-01 00:00:00+00:00,693,1773.6185
1198,2025-08-01 00:00:00+00:00,693,1971.808
1199,2025-09-01 00:00:00+00:00,693,2095.4153
1200,2024-10-01 00:00:00+00:00,694,122.717766
1201,2024-11-01 00:00:00+00:00,694,123.52741
1202,2024-12-01 00:00:00+00:00,694,130.47972
1203,2025-01-01 00:00:00+00:00,694,135.91795
1204,2025-02-01 00:00:00+00:00,694,122.56151
1205,2025-03-01 00:00:00+00:00,694,118.552414
1206,2025-04-01 00:00:00+00:00,694,111.59058
1207,2025-05-01 00:00:00+00:00,694,111.16421
1208,2025-06-01 00:00:00+00:00,694,116.65783
1209,2025-07-01 00:00:00+00:00,694,116.30276
1210,2025-08-01 00:00:00+00:00,694,117.561325
1211,2025-09-01 00:00:00+00:00,694,97.34433
1212,2024-10-01 00:00:00+00:00,695,518.3702
1213,2024-11-01 00:00:00+00:00,695,657.36334
1214,2024-12-01 00:00:00+00:00,695,814.5322
1215,2025-01-01 00:00:00+00:00,695,872.3063
1216,2025-02-01 00:00:00+00:00,695,779.8572
1217,2025-03-01 00:00:00+00:00,695,758.3264
1218,2025-04-01 00:00:00+00:00,695,593.97406
1219,2025-05-01 00:00:00+00:00,695,433.85052
1220,2025-06-01 00:00:00+00:00,695,381.25415
1221,2025-07-01 00:00:00+00:00,695,369.60086
1222,2025-08-01 00:00:00+00:00,695,374.7842
1223,2025-09-01 00:00:00+00:00,695,376.9721
1224,2024-10-01 00:00:00+00:00,697,95.00957
1225,2024-11-01 00:00:00+00:00,697,95.53649
1226,2024-12-01 00:00:00+00:00,697,104.465485
1227,2025-01-01 00:00:00+00:00,697,108.75254
1228,2025-02-01 00:00:00+00:00,697,89.65049
1229,2025-03-01 00:00:00+00:00,697,95.86037
1230,2025-04-01 00:00:00+00:00,697,95.42604
1231,2025-05-01 00:00:00+00:00,697,94.999664
1232,2025-06-01 00:00:00+00:00,697,100.32655
1233,2025-07-01 00:00:00+00:00,697,96.42452
1234,2025-08-01 00:00:00+00:00,697,95.14409
1235,2025-09-01 00:00:00+00:00,697,88.80485
1236,2024-10-01 00:00:00+00:00,698,439.4954
1237,2024-11-01 00:00:00+00:00,698,523.59674
1238,2024-12-01 00:00:00+00:00,698,652.3844
1239,2025-01-01 00:00:00+00:00,698,788.1213
1240,2025-02-01 00:00:00+00:00,698,606.13116
1241,2025-03-01 00:00:00+00:00,698,587.135
1242,2025-04-01 00:00:00+00:00,698,477.39743
1243,2025-05-01 00:00:00+00:00,698,355.63177
1244,2025-06-01 00:00:00+00:00,698,314.1241
1245,2025-07-01 00:00:00+00:00,698,312.60046
1246,2025-08-01 00:00:00+00:00,698,320.24948
1247,2025-09-01 00:00:00+00:00,698,335.68353
1248,2024-10-01 00:00:00+00:00,705,136.79575
1249,2024-11-01 00:00:00+00:00,705,138.73557
1250,2024-12-01 00:00:00+00:00,705,135.62584
1251,2025-01-01 00:00:00+00:00,705,146.9722
1252,2025-02-01 00:00:00+00:00,705,137.85452
1253,2025-03-01 00:00:00+00:00,705,141.48186
1254,2025-04-01 00:00:00+00:00,705,131.0522
1255,2025-05-01 00:00:00+00:00,705,125.4624
1256,2025-06-01 00:00:00+00:00,705,123.70781
1257,2025-07-01 00:00:00+00:00,705,126.66818
1258,2025-08-01 00:00:00+00:00,705,128.74435
1259,2025-09-01 00:00:00+00:00,705,122.405106
1260,2024-10-01 00:00:00+00:00,706,368.48108
1261,2024-11-01 00:00:00+00:00,706,397.70425
1262,2024-12-01 00:00:00+00:00,706,428.18408
1263,2025-01-01 00:00:00+00:00,706,476.85678
1264,2025-02-01 00:00:00+00:00,706,446.31833
1265,2025-03-01 00:00:00+00:00,706,449.7509
1266,2025-04-01 00:00:00+00:00,706,385.6746
1267,2025-05-01 00:00:00+00:00,706,335.3275
1268,2025-06-01 00:00:00+00:00,706,306.34357
1269,2025-07-01 00:00:00+00:00,706,311.43958
1270,2025-08-01 00:00:00+00:00,706,319.0886
1271,2025-09-01 00:00:00+00:00,706,316.7282
1272,2024-10-01 00:00:00+00:00,707,129.89131
1273,2024-11-01 00:00:00+00:00,707,130.41824
1274,2024-12-01 00:00:00+00:00,707,128.20543
1275,2025-01-01 00:00:00+00:00,707,135.91278
1276,2025-02-01 00:00:00+00:00,707,125.51102
1277,2025-03-01 00:00:00+00:00,707,130.79832
1278,2025-04-01 00:00:00+00:00,707,123.014725
1279,2025-05-01 00:00:00+00:00,707,120.61194
1280,2025-06-01 00:00:00+00:00,707,117.265945
1281,2025-07-01 00:00:00+00:00,707,120.60049
1282,2025-08-01 00:00:00+00:00,707,122.676636
1283,2025-09-01 00:00:00+00:00,707,117.111176
1284,2024-10-01 00:00:00+00:00,708,398.91583
1285,2024-11-01 00:00:00+00:00,708,441.19324
1286,2024-12-01 00:00:00+00:00,708,470.06796
1287,2025-01-01 00:00:00+00:00,708,487.85614
1288,2025-02-01 00:00:00+00:00,708,433.682
1289,2025-03-01 00:00:00+00:00,708,446.7195
1290,2025-04-01 00:00:00+00:00,708,409.3907
1291,2025-05-01 00:00:00+00:00,708,358.51605
1292,2025-06-01 00:00:00+00:00,708,320.2152
1293,2025-07-01 00:00:00+00:00,708,306.99335
1294,2025-08-01 00:00:00+00:00,708,331.64734
1295,2025-09-01 00:00:00+00:00,708,330.07642
1296,2024-10-01 00:00:00+00:00,709,117.64695
1297,2024-11-01 00:00:00+00:00,709,122.3069
1298,2024-12-01 00:00:00+00:00,709,119.85707
1299,2025-01-01 00:00:00+00:00,709,129.70827
1300,2025-02-01 00:00:00+00:00,709,119.20387
1301,2025-03-01 00:00:00+00:00,709,123.460815
1302,2025-04-01 00:00:00+00:00,709,118.42073
1303,2025-05-01 00:00:00+00:00,709,111.93958
1304,2025-06-01 00:00:00+00:00,709,116.0312
1305,2025-07-01 00:00:00+00:00,709,115.676125
1306,2025-08-01 00:00:00+00:00,709,116.93469
1307,2025-09-01 00:00:00+00:00,709,110.59545
1308,2024-10-01 00:00:00+00:00,738,517.0241
1309,2024-11-01 00:00:00+00:00,738,656.0173
1310,2024-12-01 00:00:00+00:00,738,809.75134
1311,2025-01-01 00:00:00+00:00,738,847.20996
1312,2025-02-01 00:00:00+00:00,738,772.72327
1313,2025-03-01 00:00:00+00:00,738,734.7519
1314,2025-04-01 00:00:00+00:00,738,607.1083
1315,2025-05-01 00:00:00+00:00,738,432.50446
1316,2025-06-01 00:00:00+00:00,738,363.78482
1317,2025-07-01 00:00:00+00:00,738,345.88522
1318,2025-08-01 00:00:00+00:00,738,372.20285
1319,2025-09-01 00:00:00+00:00,738,374.39075
1320,2024-10-01 00:00:00+00:00,740,77.345566
1321,2024-11-01 00:00:00+00:00,740,77.87249
1322,2024-12-01 00:00:00+00:00,740,74.42707
1323,2025-01-01 00:00:00+00:00,740,86.36229
1324,2025-02-01 00:00:00+00:00,740,73.563484
1325,2025-03-01 00:00:00+00:00,740,73.47011
1326,2025-04-01 00:00:00+00:00,740,74.48274
1327,2025-05-01 00:00:00+00:00,740,74.056366
1328,2025-06-01 00:00:00+00:00,740,81.42729
1329,2025-07-01 00:00:00+00:00,740,86.42994
1330,2025-08-01 00:00:00+00:00,740,77.375595
1331,2025-09-01 00:00:00+00:00,740,71.03636
1332,2024-10-01 00:00:00+00:00,741,434.0878
1333,2024-11-01 00:00:00+00:00,741,534.958
1334,2024-12-01 00:00:00+00:00,741,694.25116
1335,2025-01-01 00:00:00+00:00,741,844.26166
1336,2025-02-01 00:00:00+00:00,741,718.025
1337,2025-03-01 00:00:00+00:00,741,610.9626
1338,2025-04-01 00:00:00+00:00,741,492.7203
1339,2025-05-01 00:00:00+00:00,741,337.9236
1340,2025-06-01 00:00:00+00:00,741,281.97284
1341,2025-07-01 00:00:00+00:00,741,288.4169
1342,2025-08-01 00:00:00+00:00,741,297.6304
1343,2025-09-01 00:00:00+00:00,741,295.27002
